company,product,date,price
"ОАО ""Волгоградский завод тракторных деталей и нормалей""",Болты,2024-11-30,290.96
"ОАО ""Волгоградский завод тракторных деталей и нормалей""",Метизы,2024-11-30,101.11
"ОАО ""Волгоградский завод тракторных деталей и нормалей""",Детали тракторные,2024-11-30,2504.41
"ОАО ""Белебеевский завод ""Автонормаль""",Болты,2024-11-30,301.04
"ОАО ""Белебеевский завод ""Автонормаль""",Пружины,2024-11-30,81.53
"ОАО ""Белебеевский завод ""Автонормаль""",Прессовые изделия,2024-11-30,132.19
"ОАО ""Челябинский кузнечно-прессовый завод""",Рессоры,2024-11-30,19470.75
"ОАО ""Челябинский кузнечно-прессовый завод""",Стальные изделия,2024-11-30,108.4
"ОАО ""Челябинский кузнечно-прессовый завод""",Детали тракторные,2024-11-30,2690.12
"ЗАО ""Белорецкий завод рессор и пружин""",Рессоры,2024-11-30,18466.47
"ЗАО ""Белорецкий завод рессор и пружин""",Детали тракторные,2024-11-30,2503.06
"ЗАО ""Белорецкий завод рессор и пружин""",Пружины,2024-11-30,61.21
66 Металлообрабатывающий завод,Провода,2024-11-30,122.05
66 Металлообрабатывающий завод,Металлоконструкции,2024-11-30,73129.47
Лепсе,Арматура,2024-11-30,120.07
Лепсе,Сетки металлические,2024-11-30,114.54
Завод Сельмаш,Корпуса,2024-11-30,4875.8
Лискимонтажконструкция,Металлоконструкции,2024-11-30,69029.25
Лискимонтажконструкция,Рессоры,2024-11-30,16076.16
Лискимонтажконструкция,Стальные изделия,2024-11-30,127.61
Завод корпусов,Стальные изделия,2024-11-30,106.74
Завод корпусов,Металлоконструкции,2024-11-30,59963.87
Завод корпусов,Корпуса,2024-11-30,4624.15
Завод chelyabinskiy-zavod-litoy-ostat,Металлопродукция,2024-11-30,122.6
Завод kamensk-uralskiy-zavod-po-obrabotke-tsvetnyh-metallov,Металлопродукция,2024-11-30,120.23
Завод kirovskiy-zavod-po-obrabotke-tsvetnyh-metallov,Металлопродукция,2024-11-30,107.49
Завод krasnoyarskiy-zavod-tsvetnyh-metallov,Металлопродукция,2024-11-30,137.64
Завод litsey-tsvetnyh-metallov,Металлопродукция,2024-11-30,103.33
Завод balashikhinskiy-metalloobrabatyvayuschiy-zavod,Металлопродукция,2024-11-30,119.92
Завод vladimirskiy-zavod-metalloizdeliy,Металлопродукция,2024-11-30,121.52
Завод voronezhskiy-metalloobrabatyvayuschiy-zavod,Металлопродукция,2024-11-30,108.05
Завод ekaterinburgskiy-metalloobrabatyvayuschiy-zavod,Металлопродукция,2024-11-30,139.7
Завод izhevskiy-metalloobrabatyvayuschiy-zavod,Металлопродукция,2024-11-30,136.73
Завод kazan-metalloobrabatyvayuschiy-zavod,Металлопродукция,2024-11-30,125.65
"ОАО ""Волгоградский завод тракторных деталей и нормалей""",Болты,2024-12-07,289.25
"ОАО ""Волгоградский завод тракторных деталей и нормалей""",Метизы,2024-12-07,102.01
"ОАО ""Волгоградский завод тракторных деталей и нормалей""",Детали тракторные,2024-12-07,2489.98
"ОАО ""Белебеевский завод ""Автонормаль""",Болты,2024-12-07,317.81
"ОАО ""Белебеевский завод ""Автонормаль""",Пружины,2024-12-07,77.07
"ОАО ""Белебеевский завод ""Автонормаль""",Прессовые изделия,2024-12-07,139.75
"ОАО ""Челябинский кузнечно-прессовый завод""",Рессоры,2024-12-07,20189.99
"ОАО ""Челябинский кузнечно-прессовый завод""",Стальные изделия,2024-12-07,110.02
"ОАО ""Челябинский кузнечно-прессовый завод""",Детали тракторные,2024-12-07,2731.74
"ЗАО ""Белорецкий завод рессор и пружин""",Рессоры,2024-12-07,17344.63
"ЗАО ""Белорецкий завод рессор и пружин""",Детали тракторные,2024-12-07,2433.29
"ЗАО ""Белорецкий завод рессор и пружин""",Пружины,2024-12-07,61.19
66 Металлообрабатывающий завод,Провода,2024-12-07,121.08
66 Металлообрабатывающий завод,Металлоконструкции,2024-12-07,74833.43
Лепсе,Арматура,2024-12-07,119.74
Лепсе,Сетки металлические,2024-12-07,109.74
Завод Сельмаш,Корпуса,2024-12-07,4707.24
Лискимонтажконструкция,Металлоконструкции,2024-12-07,68281.46
Лискимонтажконструкция,Рессоры,2024-12-07,16324.55
Лискимонтажконструкция,Стальные изделия,2024-12-07,133.03
Завод корпусов,Стальные изделия,2024-12-07,111.91
Завод корпусов,Металлоконструкции,2024-12-07,55640.35
Завод корпусов,Корпуса,2024-12-07,4634.77
Завод chelyabinskiy-zavod-litoy-ostat,Металлопродукция,2024-12-07,123.72
Завод kamensk-uralskiy-zavod-po-obrabotke-tsvetnyh-metallov,Металлопродукция,2024-12-07,115.3
Завод kirovskiy-zavod-po-obrabotke-tsvetnyh-metallov,Металлопродукция,2024-12-07,113.25
Завод krasnoyarskiy-zavod-tsvetnyh-metallov,Металлопродукция,2024-12-07,135.71
Завод litsey-tsvetnyh-metallov,Металлопродукция,2024-12-07,110.2
Завод balashikhinskiy-metalloobrabatyvayuschiy-zavod,Металлопродукция,2024-12-07,119.76
Завод vladimirskiy-zavod-metalloizdeliy,Металлопродукция,2024-12-07,129.04
Завод voronezhskiy-metalloobrabatyvayuschiy-zavod,Металлопродукция,2024-12-07,109.82
Завод ekaterinburgskiy-metalloobrabatyvayuschiy-zavod,Металлопродукция,2024-12-07,132.76
Завод izhevskiy-metalloobrabatyvayuschiy-zavod,Металлопродукция,2024-12-07,129.03
Завод kazan-metalloobrabatyvayuschiy-zavod,Металлопродукция,2024-12-07,121.01
"ОАО ""Волгоградский завод тракторных деталей и нормалей""",Болты,2024-12-14,275.01
"ОАО ""Волгоградский завод тракторных деталей и нормалей""",Метизы,2024-12-14,97.11
"ОАО ""Волгоградский завод тракторных деталей и нормалей""",Детали тракторные,2024-12-14,2403.09
"ОАО ""Белебеевский завод ""Автонормаль""",Болты,2024-12-14,296.93
"ОАО ""Белебеевский завод ""Автонормаль""",Пружины,2024-12-14,76.5
"ОАО ""Белебеевский завод ""Автонормаль""",Прессовые изделия,2024-12-14,136.26
"ОАО ""Челябинский кузнечно-прессовый завод""",Рессоры,2024-12-14,19459.9
"ОАО ""Челябинский кузнечно-прессовый завод""",Стальные изделия,2024-12-14,105.23
"ОАО ""Челябинский кузнечно-прессовый завод""",Детали тракторные,2024-12-14,2869.39
"ЗАО ""Белорецкий завод рессор и пружин""",Рессоры,2024-12-14,17743.95
"ЗАО ""Белорецкий завод рессор и пружин""",Детали тракторные,2024-12-14,2338.93
"ЗАО ""Белорецкий завод рессор и пружин""",Пружины,2024-12-14,62.22
66 Металлообрабатывающий завод,Провода,2024-12-14,127.8
66 Металлообрабатывающий завод,Металлоконструкции,2024-12-14,76254.86
Лепсе,Арматура,2024-12-14,122.97
Лепсе,Сетки металлические,2024-12-14,109.27
Завод Сельмаш,Корпуса,2024-12-14,4542.78
Лискимонтажконструкция,Металлоконструкции,2024-12-14,67728.66
Лискимонтажконструкция,Рессоры,2024-12-14,16082.07
Лискимонтажконструкция,Стальные изделия,2024-12-14,138.4
Завод корпусов,Стальные изделия,2024-12-14,115.61
Завод корпусов,Металлоконструкции,2024-12-14,59165.56
Завод корпусов,Корпуса,2024-12-14,4775.09
Завод chelyabinskiy-zavod-litoy-ostat,Металлопродукция,2024-12-14,122.48
Завод kamensk-uralskiy-zavod-po-obrabotke-tsvetnyh-metallov,Металлопродукция,2024-12-14,118.53
Завод kirovskiy-zavod-po-obrabotke-tsvetnyh-metallov,Металлопродукция,2024-12-14,107.6
Завод krasnoyarskiy-zavod-tsvetnyh-metallov,Металлопродукция,2024-12-14,141.36
Завод litsey-tsvetnyh-metallov,Металлопродукция,2024-12-14,112.88
Завод balashikhinskiy-metalloobrabatyvayuschiy-zavod,Металлопродукция,2024-12-14,122.74
Завод vladimirskiy-zavod-metalloizdeliy,Металлопродукция,2024-12-14,127.69
Завод voronezhskiy-metalloobrabatyvayuschiy-zavod,Металлопродукция,2024-12-14,107.11
Завод ekaterinburgskiy-metalloobrabatyvayuschiy-zavod,Металлопродукция,2024-12-14,140.29
Завод izhevskiy-metalloobrabatyvayuschiy-zavod,Металлопродукция,2024-12-14,126.11
Завод kazan-metalloobrabatyvayuschiy-zavod,Металлопродукция,2024-12-14,120.79
"ОАО ""Волгоградский завод тракторных деталей и нормалей""",Болты,2024-12-21,294.08
"ОАО ""Волгоградский завод тракторных деталей и нормалей""",Метизы,2024-12-21,98.91
"ОАО ""Волгоградский завод тракторных деталей и нормалей""",Детали тракторные,2024-12-21,2554.36
"ОАО ""Белебеевский завод ""Автонормаль""",Болты,2024-12-21,302.07
"ОАО ""Белебеевский завод ""Автонормаль""",Пружины,2024-12-21,77.6
"ОАО ""Белебеевский завод ""Автонормаль""",Прессовые изделия,2024-12-21,130.85
"ОАО ""Челябинский кузнечно-прессовый завод""",Рессоры,2024-12-21,18901.06
"ОАО ""Челябинский кузнечно-прессовый завод""",Стальные изделия,2024-12-21,102.15
"ОАО ""Челябинский кузнечно-прессовый завод""",Детали тракторные,2024-12-21,2798.16
"ЗАО ""Белорецкий завод рессор и пружин""",Рессоры,2024-12-21,17405.96
"ЗАО ""Белорецкий завод рессор и пружин""",Детали тракторные,2024-12-21,2365.44
"ЗАО ""Белорецкий завод рессор и пружин""",Пружины,2024-12-21,65.36
66 Металлообрабатывающий завод,Провода,2024-12-21,121.74
66 Металлообрабатывающий завод,Металлоконструкции,2024-12-21,70254.98
Лепсе,Арматура,2024-12-21,115.86
Лепсе,Сетки металлические,2024-12-21,114.87
Завод Сельмаш,Корпуса,2024-12-21,4938.08
Лискимонтажконструкция,Металлоконструкции,2024-12-21,67594.17
Лискимонтажконструкция,Рессоры,2024-12-21,17001.1
Лискимонтажконструкция,Стальные изделия,2024-12-21,138.85
Завод корпусов,Стальные изделия,2024-12-21,115.93
Завод корпусов,Металлоконструкции,2024-12-21,57285.89
Завод корпусов,Корпуса,2024-12-21,4489.23
Завод chelyabinskiy-zavod-litoy-ostat,Металлопродукция,2024-12-21,122.31
Завод kamensk-uralskiy-zavod-po-obrabotke-tsvetnyh-metallov,Металлопродукция,2024-12-21,114.24
Завод kirovskiy-zavod-po-obrabotke-tsvetnyh-metallov,Металлопродукция,2024-12-21,112.88
Завод krasnoyarskiy-zavod-tsvetnyh-metallov,Металлопродукция,2024-12-21,133.87
Завод litsey-tsvetnyh-metallov,Металлопродукция,2024-12-21,112.38
Завод balashikhinskiy-metalloobrabatyvayuschiy-zavod,Металлопродукция,2024-12-21,116.81
Завод vladimirskiy-zavod-metalloizdeliy,Металлопродукция,2024-12-21,123.32
Завод voronezhskiy-metalloobrabatyvayuschiy-zavod,Металлопродукция,2024-12-21,101.98
Завод ekaterinburgskiy-metalloobrabatyvayuschiy-zavod,Металлопродукция,2024-12-21,130.79
Завод izhevskiy-metalloobrabatyvayuschiy-zavod,Металлопродукция,2024-12-21,136.07
Завод kazan-metalloobrabatyvayuschiy-zavod,Металлопродукция,2024-12-21,125.41
"ОАО ""Волгоградский завод тракторных деталей и нормалей""",Болты,2024-12-30,260.05
"ОАО ""Волгоградский завод тракторных деталей и нормалей""",Метизы,2024-12-30,95.51
"ОАО ""Волгоградский завод тракторных деталей и нормалей""",Детали тракторные,2024-12-30,2405.13
"ОАО ""Белебеевский завод ""Автонормаль""",Болты,2024-12-30,278.99
"ОАО ""Белебеевский завод ""Автонормаль""",Пружины,2024-12-30,71.75
"ОАО ""Белебеевский завод ""Автонормаль""",Прессовые изделия,2024-12-30,121.34
"ОАО ""Челябинский кузнечно-прессовый завод""",Рессоры,2024-12-30,15990.23
"ОАО ""Челябинский кузнечно-прессовый завод""",Стальные изделия,2024-12-30,119.05
"ОАО ""Челябинский кузнечно-прессовый завод""",Детали тракторные,2024-12-30,2434.79
"ЗАО ""Белорецкий завод рессор и пружин""",Рессоры,2024-12-30,15305.81
"ЗАО ""Белорецкий завод рессор и пружин""",Детали тракторные,2024-12-30,2156.05
"ЗАО ""Белорецкий завод рессор и пружин""",Пружины,2024-12-30,65.4
66 Металлообрабатывающий завод,Провода,2024-12-30,125.88
66 Металлообрабатывающий завод,Металлоконструкции,2024-12-30,65408.1
Лепсе,Арматура,2024-12-30,108.56
Лепсе,Сетки металлические,2024-12-30,113.91
Завод Сельмаш,Корпуса,2024-12-30,4217.88
Лискимонтажконструкция,Металлоконструкции,2024-12-30,70466.04
Лискимонтажконструкция,Рессоры,2024-12-30,17701.42
Лискимонтажконструкция,Стальные изделия,2024-12-30,110.22
Завод корпусов,Стальные изделия,2024-12-30,128.87
Завод корпусов,Металлоконструкции,2024-12-30,56330.38
Завод корпусов,Корпуса,2024-12-30,4900.25
Завод chelyabinskiy-zavod-litoy-ostat,Металлопродукция,2024-12-30,101.81
Завод kamensk-uralskiy-zavod-po-obrabotke-tsvetnyh-metallov,Металлопродукция,2024-12-30,120.47
Завод kirovskiy-zavod-po-obrabotke-tsvetnyh-metallov,Металлопродукция,2024-12-30,124.97
Завод krasnoyarskiy-zavod-tsvetnyh-metallov,Металлопродукция,2024-12-30,104.08
Завод litsey-tsvetnyh-metallov,Металлопродукция,2024-12-30,121.86
Завод balashikhinskiy-metalloobrabatyvayuschiy-zavod,Металлопродукция,2024-12-30,123.74
Завод vladimirskiy-zavod-metalloizdeliy,Металлопродукция,2024-12-30,117.35
Завод voronezhskiy-metalloobrabatyvayuschiy-zavod,Металлопродукция,2024-12-30,134.97
Завод ekaterinburgskiy-metalloobrabatyvayuschiy-zavod,Металлопродукция,2024-12-30,110.03
Завод izhevskiy-metalloobrabatyvayuschiy-zavod,Металлопродукция,2024-12-30,120.69
Завод kazan-metalloobrabatyvayuschiy-zavod,Металлопродукция,2024-12-30,117.62
"ОАО ""Волгоградский завод тракторных деталей и нормалей""",Болты,2025-01-06,240.75
"ОАО ""Волгоградский завод тракторных деталей и нормалей""",Метизы,2025-01-06,97.34
"ОАО ""Волгоградский завод тракторных деталей и нормалей""",Детали тракторные,2025-01-06,2365.22
"ОАО ""Белебеевский завод ""Автонормаль""",Болты,2025-01-06,252.69
"ОАО ""Белебеевский завод ""Автонормаль""",Пружины,2025-01-06,69.31
"ОАО ""Белебеевский завод ""Автонормаль""",Прессовые изделия,2025-01-06,129.04
"ОАО ""Челябинский кузнечно-прессовый завод""",Рессоры,2025-01-06,15519.75
"ОАО ""Челябинский кузнечно-прессовый завод""",Стальные изделия,2025-01-06,120.84
"ОАО ""Челябинский кузнечно-прессовый завод""",Детали тракторные,2025-01-06,2460.48
"ЗАО ""Белорецкий завод рессор и пружин""",Рессоры,2025-01-06,14933.75
"ЗАО ""Белорецкий завод рессор и пружин""",Детали тракторные,2025-01-06,2046.44
"ЗАО ""Белорецкий завод рессор и пружин""",Пружины,2025-01-06,70.46
66 Металлообрабатывающий завод,Провода,2025-01-06,127.7
66 Металлообрабатывающий завод,Металлоконструкции,2025-01-06,63758.79
Лепсе,Арматура,2025-01-06,105.32
Лепсе,Сетки металлические,2025-01-06,121.15
Завод Сельмаш,Корпуса,2025-01-06,4207.58
Лискимонтажконструкция,Металлоконструкции,2025-01-06,69459.76
Лискимонтажконструкция,Рессоры,2025-01-06,16810.09
Лискимонтажконструкция,Стальные изделия,2025-01-06,118.26
Завод корпусов,Стальные изделия,2025-01-06,121.51
Завод корпусов,Металлоконструкции,2025-01-06,55056.66
Завод корпусов,Корпуса,2025-01-06,4930.08
Завод chelyabinskiy-zavod-litoy-ostat,Металлопродукция,2025-01-06,102.07
Завод kamensk-uralskiy-zavod-po-obrabotke-tsvetnyh-metallov,Металлопродукция,2025-01-06,115.76
Завод kirovskiy-zavod-po-obrabotke-tsvetnyh-metallov,Металлопродукция,2025-01-06,118.19
Завод krasnoyarskiy-zavod-tsvetnyh-metallov,Металлопродукция,2025-01-06,99.3
Завод litsey-tsvetnyh-metallov,Металлопродукция,2025-01-06,123.82
Завод balashikhinskiy-metalloobrabatyvayuschiy-zavod,Металлопродукция,2025-01-06,123.07
Завод vladimirskiy-zavod-metalloizdeliy,Металлопродукция,2025-01-06,114.57
Завод voronezhskiy-metalloobrabatyvayuschiy-zavod,Металлопродукция,2025-01-06,123.75
Завод ekaterinburgskiy-metalloobrabatyvayuschiy-zavod,Металлопродукция,2025-01-06,112.91
Завод izhevskiy-metalloobrabatyvayuschiy-zavod,Металлопродукция,2025-01-06,130.46
Завод kazan-metalloobrabatyvayuschiy-zavod,Металлопродукция,2025-01-06,115.39
"ОАО ""Волгоградский завод тракторных деталей и нормалей""",Болты,2025-01-13,245.8
"ОАО ""Волгоградский завод тракторных деталей и нормалей""",Метизы,2025-01-13,95.74
"ОАО ""Волгоградский завод тракторных деталей и нормалей""",Детали тракторные,2025-01-13,2495.65
"ОАО ""Белебеевский завод ""Автонормаль""",Болты,2025-01-13,254.14
"ОАО ""Белебеевский завод ""Автонормаль""",Пружины,2025-01-13,71.48
"ОАО ""Белебеевский завод ""Автонормаль""",Прессовые изделия,2025-01-13,132.19
"ОАО ""Челябинский кузнечно-прессовый завод""",Рессоры,2025-01-13,15624.91
"ОАО ""Челябинский кузнечно-прессовый завод""",Стальные изделия,2025-01-13,121.93
"ОАО ""Челябинский кузнечно-прессовый завод""",Детали тракторные,2025-01-13,2641.47
"ЗАО ""Белорецкий завод рессор и пружин""",Рессоры,2025-01-13,14557.42
"ЗАО ""Белорецкий завод рессор и пружин""",Детали тракторные,2025-01-13,2053.54
"ЗАО ""Белорецкий завод рессор и пружин""",Пружины,2025-01-13,65.57
66 Металлообрабатывающий завод,Провода,2025-01-13,130.37
66 Металлообрабатывающий завод,Металлоконструкции,2025-01-13,68424.07
Лепсе,Арматура,2025-01-13,105.95
Лепсе,Сетки металлические,2025-01-13,115.67
Завод Сельмаш,Корпуса,2025-01-13,4348.75
Лискимонтажконструкция,Металлоконструкции,2025-01-13,72104.39
Лискимонтажконструкция,Рессоры,2025-01-13,17825.12
Лискимонтажконструкция,Стальные изделия,2025-01-13,111.63
Завод корпусов,Стальные изделия,2025-01-13,126.74
Завод корпусов,Металлоконструкции,2025-01-13,57846.46
Завод корпусов,Корпуса,2025-01-13,4648.45
Завод chelyabinskiy-zavod-litoy-ostat,Металлопродукция,2025-01-13,96.4
Завод kamensk-uralskiy-zavod-po-obrabotke-tsvetnyh-metallov,Металлопродукция,2025-01-13,121.25
Завод kirovskiy-zavod-po-obrabotke-tsvetnyh-metallov,Металлопродукция,2025-01-13,114.88
Завод krasnoyarskiy-zavod-tsvetnyh-metallov,Металлопродукция,2025-01-13,97.65
Завод litsey-tsvetnyh-metallov,Металлопродукция,2025-01-13,118.92
Завод balashikhinskiy-metalloobrabatyvayuschiy-zavod,Металлопродукция,2025-01-13,125.71
Завод vladimirskiy-zavod-metalloizdeliy,Металлопродукция,2025-01-13,111.25
Завод voronezhskiy-metalloobrabatyvayuschiy-zavod,Металлопродукция,2025-01-13,135.77
Завод ekaterinburgskiy-metalloobrabatyvayuschiy-zavod,Металлопродукция,2025-01-13,115.57
Завод izhevskiy-metalloobrabatyvayuschiy-zavod,Металлопродукция,2025-01-13,129.16
Завод kazan-metalloobrabatyvayuschiy-zavod,Металлопродукция,2025-01-13,116.58
"ОАО ""Волгоградский завод тракторных деталей и нормалей""",Болты,2025-01-20,248.85
"ОАО ""Волгоградский завод тракторных деталей и нормалей""",Метизы,2025-01-20,97.67
"ОАО ""Волгоградский завод тракторных деталей и нормалей""",Детали тракторные,2025-01-20,2544.55
"ОАО ""Белебеевский завод ""Автонормаль""",Болты,2025-01-20,275.97
"ОАО ""Белебеевский завод ""Автонормаль""",Пружины,2025-01-20,69.13
"ОАО ""Белебеевский завод ""Автонормаль""",Прессовые изделия,2025-01-20,128.59
"ОАО ""Челябинский кузнечно-прессовый завод""",Рессоры,2025-01-20,14922.18
"ОАО ""Челябинский кузнечно-прессовый завод""",Стальные изделия,2025-01-20,126.17
"ОАО ""Челябинский кузнечно-прессовый завод""",Детали тракторные,2025-01-20,2436.59
"ЗАО ""Белорецкий завод рессор и пружин""",Рессоры,2025-01-20,14663.93
"ЗАО ""Белорецкий завод рессор и пружин""",Детали тракторные,2025-01-20,2181.88
"ЗАО ""Белорецкий завод рессор и пружин""",Пружины,2025-01-20,70.43
66 Металлообрабатывающий завод,Провода,2025-01-20,128.24
66 Металлообрабатывающий завод,Металлоконструкции,2025-01-20,66098.57
Лепсе,Арматура,2025-01-20,108.84
Лепсе,Сетки металлические,2025-01-20,118.42
Завод Сельмаш,Корпуса,2025-01-20,4506.54
Лискимонтажконструкция,Металлоконструкции,2025-01-20,69177.33
Лискимонтажконструкция,Рессоры,2025-01-20,17387.57
Лискимонтажконструкция,Стальные изделия,2025-01-20,111.75
Завод корпусов,Стальные изделия,2025-01-20,131.95
Завод корпусов,Металлоконструкции,2025-01-20,54051.57
Завод корпусов,Корпуса,2025-01-20,4817.15
Завод chelyabinskiy-zavod-litoy-ostat,Металлопродукция,2025-01-20,102.17
Завод kamensk-uralskiy-zavod-po-obrabotke-tsvetnyh-metallov,Металлопродукция,2025-01-20,118.2
Завод kirovskiy-zavod-po-obrabotke-tsvetnyh-metallov,Металлопродукция,2025-01-20,114.77
Завод krasnoyarskiy-zavod-tsvetnyh-metallov,Металлопродукция,2025-01-20,96.75
Завод litsey-tsvetnyh-metallov,Металлопродукция,2025-01-20,119.35
Завод balashikhinskiy-metalloobrabatyvayuschiy-zavod,Металлопродукция,2025-01-20,121.08
Завод vladimirskiy-zavod-metalloizdeliy,Металлопродукция,2025-01-20,112.03
Завод voronezhskiy-metalloobrabatyvayuschiy-zavod,Металлопродукция,2025-01-20,129.99
Завод ekaterinburgskiy-metalloobrabatyvayuschiy-zavod,Металлопродукция,2025-01-20,111.71
Завод izhevskiy-metalloobrabatyvayuschiy-zavod,Металлопродукция,2025-01-20,130.78
Завод kazan-metalloobrabatyvayuschiy-zavod,Металлопродукция,2025-01-20,113.62
"ОАО ""Волгоградский завод тракторных деталей и нормалей""",Болты,2025-01-29,302.56
"ОАО ""Волгоградский завод тракторных деталей и нормалей""",Метизы,2025-01-29,82.9
"ОАО ""Волгоградский завод тракторных деталей и нормалей""",Детали тракторные,2025-01-29,2498.42
"ОАО ""Белебеевский завод ""Автонормаль""",Болты,2025-01-29,284.4
"ОАО ""Белебеевский завод ""Автонормаль""",Пружины,2025-01-29,84.26
"ОАО ""Белебеевский завод ""Автонормаль""",Прессовые изделия,2025-01-29,103.33
"ОАО ""Челябинский кузнечно-прессовый завод""",Рессоры,2025-01-29,18173.12
"ОАО ""Челябинский кузнечно-прессовый завод""",Стальные изделия,2025-01-29,112.49
"ОАО ""Челябинский кузнечно-прессовый завод""",Детали тракторные,2025-01-29,2279.32
"ЗАО ""Белорецкий завод рессор и пружин""",Рессоры,2025-01-29,19284.05
"ЗАО ""Белорецкий завод рессор и пружин""",Детали тракторные,2025-01-29,2538.8
"ЗАО ""Белорецкий завод рессор и пружин""",Пружины,2025-01-29,61.11
66 Металлообрабатывающий завод,Провода,2025-01-29,99.47
66 Металлообрабатывающий завод,Металлоконструкции,2025-01-29,61312.08
Лепсе,Арматура,2025-01-29,113.32
Лепсе,Сетки металлические,2025-01-29,106.31
Завод Сельмаш,Корпуса,2025-01-29,4333.15
Лискимонтажконструкция,Металлоконструкции,2025-01-29,56082.93
Лискимонтажконструкция,Рессоры,2025-01-29,16100.62
Лискимонтажконструкция,Стальные изделия,2025-01-29,118.23
Завод корпусов,Стальные изделия,2025-01-29,118.89
Завод корпусов,Металлоконструкции,2025-01-29,57390.84
Завод корпусов,Корпуса,2025-01-29,4809.07
Завод chelyabinskiy-zavod-litoy-ostat,Металлопродукция,2025-01-29,117.93
Завод kamensk-uralskiy-zavod-po-obrabotke-tsvetnyh-metallov,Металлопродукция,2025-01-29,123.94
Завод kirovskiy-zavod-po-obrabotke-tsvetnyh-metallov,Металлопродукция,2025-01-29,101.98
Завод krasnoyarskiy-zavod-tsvetnyh-metallov,Металлопродукция,2025-01-29,122.94
Завод litsey-tsvetnyh-metallov,Металлопродукция,2025-01-29,108.3
Завод balashikhinskiy-metalloobrabatyvayuschiy-zavod,Металлопродукция,2025-01-29,100.05
Завод vladimirskiy-zavod-metalloizdeliy,Металлопродукция,2025-01-29,121.54
Завод voronezhskiy-metalloobrabatyvayuschiy-zavod,Металлопродукция,2025-01-29,106.13
Завод ekaterinburgskiy-metalloobrabatyvayuschiy-zavod,Металлопродукция,2025-01-29,105.47
Завод izhevskiy-metalloobrabatyvayuschiy-zavod,Металлопродукция,2025-01-29,122.12
Завод kazan-metalloobrabatyvayuschiy-zavod,Металлопродукция,2025-01-29,106.32
"ОАО ""Волгоградский завод тракторных деталей и нормалей""",Болты,2025-02-05,282.06
"ОАО ""Волгоградский завод тракторных деталей и нормалей""",Метизы,2025-02-05,77.81
"ОАО ""Волгоградский завод тракторных деталей и нормалей""",Детали тракторные,2025-02-05,2533.22
"ОАО ""Белебеевский завод ""Автонормаль""",Болты,2025-02-05,299.57
"ОАО ""Белебеевский завод ""Автонормаль""",Пружины,2025-02-05,80.74
"ОАО ""Белебеевский завод ""Автонормаль""",Прессовые изделия,2025-02-05,111.7
"ОАО ""Челябинский кузнечно-прессовый завод""",Рессоры,2025-02-05,17072.85
"ОАО ""Челябинский кузнечно-прессовый завод""",Стальные изделия,2025-02-05,113.69
"ОАО ""Челябинский кузнечно-прессовый завод""",Детали тракторные,2025-02-05,2182.07
"ЗАО ""Белорецкий завод рессор и пружин""",Рессоры,2025-02-05,19124.56
"ЗАО ""Белорецкий завод рессор и пружин""",Детали тракторные,2025-02-05,2634.02
"ЗАО ""Белорецкий завод рессор и пружин""",Пружины,2025-02-05,64.83
66 Металлообрабатывающий завод,Провода,2025-02-05,107.81
66 Металлообрабатывающий завод,Металлоконструкции,2025-02-05,66244.6
Лепсе,Арматура,2025-02-05,114.34
Лепсе,Сетки металлические,2025-02-05,108.4
Завод Сельмаш,Корпуса,2025-02-05,4211.26
Лискимонтажконструкция,Металлоконструкции,2025-02-05,58328.06
Лискимонтажконструкция,Рессоры,2025-02-05,17120.34
Лискимонтажконструкция,Стальные изделия,2025-02-05,117.93
Завод корпусов,Стальные изделия,2025-02-05,117.96
Завод корпусов,Металлоконструкции,2025-02-05,53711.61
Завод корпусов,Корпуса,2025-02-05,4612.2
Завод chelyabinskiy-zavod-litoy-ostat,Металлопродукция,2025-02-05,127.56
Завод kamensk-uralskiy-zavod-po-obrabotke-tsvetnyh-metallov,Металлопродукция,2025-02-05,124.45
Завод kirovskiy-zavod-po-obrabotke-tsvetnyh-metallov,Металлопродукция,2025-02-05,95.0
Завод krasnoyarskiy-zavod-tsvetnyh-metallov,Металлопродукция,2025-02-05,131.56
Завод litsey-tsvetnyh-metallov,Металлопродукция,2025-02-05,113.24
Завод balashikhinskiy-metalloobrabatyvayuschiy-zavod,Металлопродукция,2025-02-05,99.2
Завод vladimirskiy-zavod-metalloizdeliy,Металлопродукция,2025-02-05,121.74
Завод voronezhskiy-metalloobrabatyvayuschiy-zavod,Металлопродукция,2025-02-05,110.11
Завод ekaterinburgskiy-metalloobrabatyvayuschiy-zavod,Металлопродукция,2025-02-05,99.79
Завод izhevskiy-metalloobrabatyvayuschiy-zavod,Металлопродукция,2025-02-05,124.88
Завод kazan-metalloobrabatyvayuschiy-zavod,Металлопродукция,2025-02-05,110.37
"ОАО ""Волгоградский завод тракторных деталей и нормалей""",Болты,2025-02-12,303.46
"ОАО ""Волгоградский завод тракторных деталей и нормалей""",Метизы,2025-02-12,81.46
"ОАО ""Волгоградский завод тракторных деталей и нормалей""",Детали тракторные,2025-02-12,2493.16
"ОАО ""Белебеевский завод ""Автонормаль""",Болты,2025-02-12,276.48
"ОАО ""Белебеевский завод ""Автонормаль""",Пружины,2025-02-12,79.85
"ОАО ""Белебеевский завод ""Автонормаль""",Прессовые изделия,2025-02-12,109.38
"ОАО ""Челябинский кузнечно-прессовый завод""",Рессоры,2025-02-12,17186.46
"ОАО ""Челябинский кузнечно-прессовый завод""",Стальные изделия,2025-02-12,112.87
"ОАО ""Челябинский кузнечно-прессовый завод""",Детали тракторные,2025-02-12,2275.7
"ЗАО ""Белорецкий завод рессор и пружин""",Рессоры,2025-02-12,18396.54
"ЗАО ""Белорецкий завод рессор и пружин""",Детали тракторные,2025-02-12,2760.72
"ЗАО ""Белорецкий завод рессор и пружин""",Пружины,2025-02-12,62.48
66 Металлообрабатывающий завод,Провода,2025-02-12,103.16
66 Металлообрабатывающий завод,Металлоконструкции,2025-02-12,63724.84
Лепсе,Арматура,2025-02-12,117.19
Лепсе,Сетки металлические,2025-02-12,101.96
Завод Сельмаш,Корпуса,2025-02-12,4415.48
Лискимонтажконструкция,Металлоконструкции,2025-02-12,55234.89
Лискимонтажконструкция,Рессоры,2025-02-12,16466.62
Лискимонтажконструкция,Стальные изделия,2025-02-12,120.03
Завод корпусов,Стальные изделия,2025-02-12,124.01
Завод корпусов,Металлоконструкции,2025-02-12,55517.72
Завод корпусов,Корпуса,2025-02-12,4614.12
Завод chelyabinskiy-zavod-litoy-ostat,Металлопродукция,2025-02-12,128.9
Завод kamensk-uralskiy-zavod-po-obrabotke-tsvetnyh-metallov,Металлопродукция,2025-02-12,120.05
Завод kirovskiy-zavod-po-obrabotke-tsvetnyh-metallov,Металлопродукция,2025-02-12,102.01
Завод krasnoyarskiy-zavod-tsvetnyh-metallov,Металлопродукция,2025-02-12,127.71
Завод litsey-tsvetnyh-metallov,Металлопродукция,2025-02-12,113.95
Завод balashikhinskiy-metalloobrabatyvayuschiy-zavod,Металлопродукция,2025-02-12,98.26
Завод vladimirskiy-zavod-metalloizdeliy,Металлопродукция,2025-02-12,123.15
Завод voronezhskiy-metalloobrabatyvayuschiy-zavod,Металлопродукция,2025-02-12,107.22
Завод ekaterinburgskiy-metalloobrabatyvayuschiy-zavod,Металлопродукция,2025-02-12,103.61
Завод izhevskiy-metalloobrabatyvayuschiy-zavod,Металлопродукция,2025-02-12,116.54
Завод kazan-metalloobrabatyvayuschiy-zavod,Металлопродукция,2025-02-12,110.46
"ОАО ""Волгоградский завод тракторных деталей и нормалей""",Болты,2025-02-19,293.47
"ОАО ""Волгоградский завод тракторных деталей и нормалей""",Метизы,2025-02-19,82.65
"ОАО ""Волгоградский завод тракторных деталей и нормалей""",Детали тракторные,2025-02-19,2501.17
"ОАО ""Белебеевский завод ""Автонормаль""",Болты,2025-02-19,296.69
"ОАО ""Белебеевский завод ""Автонормаль""",Пружины,2025-02-19,78.03
"ОАО ""Белебеевский завод ""Автонормаль""",Прессовые изделия,2025-02-19,107.67
"ОАО ""Челябинский кузнечно-прессовый завод""",Рессоры,2025-02-19,17439.71
"ОАО ""Челябинский кузнечно-прессовый завод""",Стальные изделия,2025-02-19,115.21
"ОАО ""Челябинский кузнечно-прессовый завод""",Детали тракторные,2025-02-19,2200.05
"ЗАО ""Белорецкий завод рессор и пружин""",Рессоры,2025-02-19,18785.09
"ЗАО ""Белорецкий завод рессор и пружин""",Детали тракторные,2025-02-19,2561.45
"ЗАО ""Белорецкий завод рессор и пружин""",Пружины,2025-02-19,65.3
66 Металлообрабатывающий завод,Провода,2025-02-19,100.56
66 Металлообрабатывающий завод,Металлоконструкции,2025-02-19,64453.59
Лепсе,Арматура,2025-02-19,114.2
Лепсе,Сетки металлические,2025-02-19,103.23
Завод Сельмаш,Корпуса,2025-02-19,4197.34
Лискимонтажконструкция,Металлоконструкции,2025-02-19,55002.26
Лискимонтажконструкция,Рессоры,2025-02-19,17205.15
Лискимонтажконструкция,Стальные изделия,2025-02-19,120.07
Завод корпусов,Стальные изделия,2025-02-19,121.47
Завод корпусов,Металлоконструкции,2025-02-19,54929.77
Завод корпусов,Корпуса,2025-02-19,4836.32
Завод chelyabinskiy-zavod-litoy-ostat,Металлопродукция,2025-02-19,122.89
Завод kamensk-uralskiy-zavod-po-obrabotke-tsvetnyh-metallov,Металлопродукция,2025-02-19,126.89
Завод kirovskiy-zavod-po-obrabotke-tsvetnyh-metallov,Металлопродукция,2025-02-19,98.42
Завод krasnoyarskiy-zavod-tsvetnyh-metallov,Металлопродукция,2025-02-19,122.36
Завод litsey-tsvetnyh-metallov,Металлопродукция,2025-02-19,110.05
Завод balashikhinskiy-metalloobrabatyvayuschiy-zavod,Металлопродукция,2025-02-19,106.66
Завод vladimirskiy-zavod-metalloizdeliy,Металлопродукция,2025-02-19,117.48
Завод voronezhskiy-metalloobrabatyvayuschiy-zavod,Металлопродукция,2025-02-19,108.61
Завод ekaterinburgskiy-metalloobrabatyvayuschiy-zavod,Металлопродукция,2025-02-19,106.4
Завод izhevskiy-metalloobrabatyvayuschiy-zavod,Металлопродукция,2025-02-19,123.55
Завод kazan-metalloobrabatyvayuschiy-zavod,Металлопродукция,2025-02-19,108.39
"ОАО ""Волгоградский завод тракторных деталей и нормалей""",Болты,2025-02-28,251.15
"ОАО ""Волгоградский завод тракторных деталей и нормалей""",Метизы,2025-02-28,92.99
"ОАО ""Волгоградский завод тракторных деталей и нормалей""",Детали тракторные,2025-02-28,2461.47
"ОАО ""Белебеевский завод ""Автонормаль""",Болты,2025-02-28,234.26
"ОАО ""Белебеевский завод ""Автонормаль""",Пружины,2025-02-28,73.36
"ОАО ""Белебеевский завод ""Автонормаль""",Прессовые изделия,2025-02-28,113.71
"ОАО ""Челябинский кузнечно-прессовый завод""",Рессоры,2025-02-28,15820.99
"ОАО ""Челябинский кузнечно-прессовый завод""",Стальные изделия,2025-02-28,104.98
"ОАО ""Челябинский кузнечно-прессовый завод""",Детали тракторные,2025-02-28,2426.8
"ЗАО ""Белорецкий завод рессор и пружин""",Рессоры,2025-02-28,17869.48
"ЗАО ""Белорецкий завод рессор и пружин""",Детали тракторные,2025-02-28,2748.63
"ЗАО ""Белорецкий завод рессор и пружин""",Пружины,2025-02-28,70.14
66 Металлообрабатывающий завод,Провода,2025-02-28,117.39
66 Металлообрабатывающий завод,Металлоконструкции,2025-02-28,64843.41
Лепсе,Арматура,2025-02-28,106.95
Лепсе,Сетки металлические,2025-02-28,119.65
Завод Сельмаш,Корпуса,2025-02-28,5195.31
Лискимонтажконструкция,Металлоконструкции,2025-02-28,54272.23
Лискимонтажконструкция,Рессоры,2025-02-28,14931.04
Лискимонтажконструкция,Стальные изделия,2025-02-28,115.54
Завод корпусов,Стальные изделия,2025-02-28,108.14
Завод корпусов,Металлоконструкции,2025-02-28,60986.19
Завод корпусов,Корпуса,2025-02-28,4379.71
Завод chelyabinskiy-zavod-litoy-ostat,Металлопродукция,2025-02-28,125.71
Завод kamensk-uralskiy-zavod-po-obrabotke-tsvetnyh-metallov,Металлопродукция,2025-02-28,101.59
Завод kirovskiy-zavod-po-obrabotke-tsvetnyh-metallov,Металлопродукция,2025-02-28,108.54
Завод krasnoyarskiy-zavod-tsvetnyh-metallov,Металлопродукция,2025-02-28,111.9
Завод litsey-tsvetnyh-metallov,Металлопродукция,2025-02-28,109.95
Завод balashikhinskiy-metalloobrabatyvayuschiy-zavod,Металлопродукция,2025-02-28,111.36
Завод vladimirskiy-zavod-metalloizdeliy,Металлопродукция,2025-02-28,133.67
Завод voronezhskiy-metalloobrabatyvayuschiy-zavod,Металлопродукция,2025-02-28,95.5
Завод ekaterinburgskiy-metalloobrabatyvayuschiy-zavod,Металлопродукция,2025-02-28,114.0
Завод izhevskiy-metalloobrabatyvayuschiy-zavod,Металлопродукция,2025-02-28,116.71
Завод kazan-metalloobrabatyvayuschiy-zavod,Металлопродукция,2025-02-28,121.47
"ОАО ""Волгоградский завод тракторных деталей и нормалей""",Болты,2025-03-07,267.05
"ОАО ""Волгоградский завод тракторных деталей и нормалей""",Метизы,2025-03-07,90.76
"ОАО ""Волгоградский завод тракторных деталей и нормалей""",Детали тракторные,2025-03-07,2437.62
"ОАО ""Белебеевский завод ""Автонормаль""",Болты,2025-03-07,229.66
"ОАО ""Белебеевский завод ""Автонормаль""",Пружины,2025-03-07,76.82
"ОАО ""Белебеевский завод ""Автонормаль""",Прессовые изделия,2025-03-07,118.36
"ОАО ""Челябинский кузнечно-прессовый завод""",Рессоры,2025-03-07,15900.62
"ОАО ""Челябинский кузнечно-прессовый завод""",Стальные изделия,2025-03-07,108.01
"ОАО ""Челябинский кузнечно-прессовый завод""",Детали тракторные,2025-03-07,2354.96
"ЗАО ""Белорецкий завод рессор и пружин""",Рессоры,2025-03-07,16723.12
"ЗАО ""Белорецкий завод рессор и пружин""",Детали тракторные,2025-03-07,2654.44
"ЗАО ""Белорецкий завод рессор и пружин""",Пружины,2025-03-07,73.35
66 Металлообрабатывающий завод,Провода,2025-03-07,109.51
66 Металлообрабатывающий завод,Металлоконструкции,2025-03-07,61780.3
Лепсе,Арматура,2025-03-07,106.99
Лепсе,Сетки металлические,2025-03-07,126.84
Завод Сельмаш,Корпуса,2025-03-07,5020.18
Лискимонтажконструкция,Металлоконструкции,2025-03-07,52747.77
Лискимонтажконструкция,Рессоры,2025-03-07,14945.83
Лискимонтажконструкция,Стальные изделия,2025-03-07,110.4
Завод корпусов,Стальные изделия,2025-03-07,109.51
Завод корпусов,Металлоконструкции,2025-03-07,60524.8
Завод корпусов,Корпуса,2025-03-07,4502.93
Завод chelyabinskiy-zavod-litoy-ostat,Металлопродукция,2025-03-07,127.16
Завод kamensk-uralskiy-zavod-po-obrabotke-tsvetnyh-metallov,Металлопродукция,2025-03-07,101.34
Завод kirovskiy-zavod-po-obrabotke-tsvetnyh-metallov,Металлопродукция,2025-03-07,104.95
Завод krasnoyarskiy-zavod-tsvetnyh-metallov,Металлопродукция,2025-03-07,114.29
Завод litsey-tsvetnyh-metallov,Металлопродукция,2025-03-07,114.24
Завод balashikhinskiy-metalloobrabatyvayuschiy-zavod,Металлопродукция,2025-03-07,110.26
Завод vladimirskiy-zavod-metalloizdeliy,Металлопродукция,2025-03-07,131.81
Завод voronezhskiy-metalloobrabatyvayuschiy-zavod,Металлопродукция,2025-03-07,94.23
Завод ekaterinburgskiy-metalloobrabatyvayuschiy-zavod,Металлопродукция,2025-03-07,116.78
Завод izhevskiy-metalloobrabatyvayuschiy-zavod,Металлопродукция,2025-03-07,116.28
Завод kazan-metalloobrabatyvayuschiy-zavod,Металлопродукция,2025-03-07,119.37
"ОАО ""Волгоградский завод тракторных деталей и нормалей""",Болты,2025-03-14,247.2
"ОАО ""Волгоградский завод тракторных деталей и нормалей""",Метизы,2025-03-14,95.8
"ОАО ""Волгоградский завод тракторных деталей и нормалей""",Детали тракторные,2025-03-14,2570.77
"ОАО ""Белебеевский завод ""Автонормаль""",Болты,2025-03-14,247.78
"ОАО ""Белебеевский завод ""Автонормаль""",Пружины,2025-03-14,73.59
"ОАО ""Белебеевский завод ""Автонормаль""",Прессовые изделия,2025-03-14,120.48
"ОАО ""Челябинский кузнечно-прессовый завод""",Рессоры,2025-03-14,15564.65
"ОАО ""Челябинский кузнечно-прессовый завод""",Стальные изделия,2025-03-14,108.65
"ОАО ""Челябинский кузнечно-прессовый завод""",Детали тракторные,2025-03-14,2309.21
"ЗАО ""Белорецкий завод рессор и пружин""",Рессоры,2025-03-14,17654.39
"ЗАО ""Белорецкий завод рессор и пружин""",Детали тракторные,2025-03-14,2515.97
"ЗАО ""Белорецкий завод рессор и пружин""",Пружины,2025-03-14,73.04
66 Металлообрабатывающий завод,Провода,2025-03-14,111.24
66 Металлообрабатывающий завод,Металлоконструкции,2025-03-14,63892.71
Лепсе,Арматура,2025-03-14,105.13
Лепсе,Сетки металлические,2025-03-14,123.39
Завод Сельмаш,Корпуса,2025-03-14,5335.44
Лискимонтажконструкция,Металлоконструкции,2025-03-14,55583.12
Лискимонтажконструкция,Рессоры,2025-03-14,15372.57
Лискимонтажконструкция,Стальные изделия,2025-03-14,112.29
Завод корпусов,Стальные изделия,2025-03-14,107.23
Завод корпусов,Металлоконструкции,2025-03-14,60313.52
Завод корпусов,Корпуса,2025-03-14,4484.26
Завод chelyabinskiy-zavod-litoy-ostat,Металлопродукция,2025-03-14,125.4
Завод kamensk-uralskiy-zavod-po-obrabotke-tsvetnyh-metallov,Металлопродукция,2025-03-14,105.27
Завод kirovskiy-zavod-po-obrabotke-tsvetnyh-metallov,Металлопродукция,2025-03-14,108.41
Завод krasnoyarskiy-zavod-tsvetnyh-metallov,Металлопродукция,2025-03-14,112.85
Завод litsey-tsvetnyh-metallov,Металлопродукция,2025-03-14,117.85
Завод balashikhinskiy-metalloobrabatyvayuschiy-zavod,Металлопродукция,2025-03-14,115.41
Завод vladimirskiy-zavod-metalloizdeliy,Металлопродукция,2025-03-14,134.62
Завод voronezhskiy-metalloobrabatyvayuschiy-zavod,Металлопродукция,2025-03-14,97.04
Завод ekaterinburgskiy-metalloobrabatyvayuschiy-zavod,Металлопродукция,2025-03-14,115.98
Завод izhevskiy-metalloobrabatyvayuschiy-zavod,Металлопродукция,2025-03-14,119.75
Завод kazan-metalloobrabatyvayuschiy-zavod,Металлопродукция,2025-03-14,111.04
"ОАО ""Волгоградский завод тракторных деталей и нормалей""",Болты,2025-03-21,261.56
"ОАО ""Волгоградский завод тракторных деталей и нормалей""",Метизы,2025-03-21,89.72
"ОАО ""Волгоградский завод тракторных деталей и нормалей""",Детали тракторные,2025-03-21,2532.02
"ОАО ""Белебеевский завод ""Автонормаль""",Болты,2025-03-21,240.87
"ОАО ""Белебеевский завод ""Автонормаль""",Пружины,2025-03-21,75.55
"ОАО ""Белебеевский завод ""Автонормаль""",Прессовые изделия,2025-03-21,114.2
"ОАО ""Челябинский кузнечно-прессовый завод""",Рессоры,2025-03-21,15678.09
"ОАО ""Челябинский кузнечно-прессовый завод""",Стальные изделия,2025-03-21,101.0
"ОАО ""Челябинский кузнечно-прессовый завод""",Детали тракторные,2025-03-21,2327.8
"ЗАО ""Белорецкий завод рессор и пружин""",Рессоры,2025-03-21,18041.55
"ЗАО ""Белорецкий завод рессор и пружин""",Детали тракторные,2025-03-21,2704.1
"ЗАО ""Белорецкий завод рессор и пружин""",Пружины,2025-03-21,72.18
66 Металлообрабатывающий завод,Провода,2025-03-21,113.34
66 Металлообрабатывающий завод,Металлоконструкции,2025-03-21,65796.32
Лепсе,Арматура,2025-03-21,107.56
Лепсе,Сетки металлические,2025-03-21,122.1
Завод Сельмаш,Корпуса,2025-03-21,5312.34
Лискимонтажконструкция,Металлоконструкции,2025-03-21,55449.21
Лискимонтажконструкция,Рессоры,2025-03-21,15679.02
Лискимонтажконструкция,Стальные изделия,2025-03-21,111.98
Завод корпусов,Стальные изделия,2025-03-21,107.94
Завод корпусов,Металлоконструкции,2025-03-21,59994.37
Завод корпусов,Корпуса,2025-03-21,4222.16
Завод chelyabinskiy-zavod-litoy-ostat,Металлопродукция,2025-03-21,125.18
Завод kamensk-uralskiy-zavod-po-obrabotke-tsvetnyh-metallov,Металлопродукция,2025-03-21,106.69
Завод kirovskiy-zavod-po-obrabotke-tsvetnyh-metallov,Металлопродукция,2025-03-21,104.28
Завод krasnoyarskiy-zavod-tsvetnyh-metallov,Металлопродукция,2025-03-21,122.78
Завод litsey-tsvetnyh-metallov,Металлопродукция,2025-03-21,108.63
Завод balashikhinskiy-metalloobrabatyvayuschiy-zavod,Металлопродукция,2025-03-21,105.26
Завод vladimirskiy-zavod-metalloizdeliy,Металлопродукция,2025-03-21,125.88
Завод voronezhskiy-metalloobrabatyvayuschiy-zavod,Металлопродукция,2025-03-21,94.49
Завод ekaterinburgskiy-metalloobrabatyvayuschiy-zavod,Металлопродукция,2025-03-21,110.54
Завод izhevskiy-metalloobrabatyvayuschiy-zavod,Металлопродукция,2025-03-21,113.44
Завод kazan-metalloobrabatyvayuschiy-zavod,Металлопродукция,2025-03-21,115.51
"ОАО ""Волгоградский завод тракторных деталей и нормалей""",Болты,2025-03-30,264.9
"ОАО ""Волгоградский завод тракторных деталей и нормалей""",Метизы,2025-03-30,100.38
"ОАО ""Волгоградский завод тракторных деталей и нормалей""",Детали тракторные,2025-03-30,2941.81
"ОАО ""Белебеевский завод ""Автонормаль""",Болты,2025-03-30,282.77
"ОАО ""Белебеевский завод ""Автонормаль""",Пружины,2025-03-30,84.75
"ОАО ""Белебеевский завод ""Автонормаль""",Прессовые изделия,2025-03-30,145.96
"ОАО ""Челябинский кузнечно-прессовый завод""",Рессоры,2025-03-30,22899.69
"ОАО ""Челябинский кузнечно-прессовый завод""",Стальные изделия,2025-03-30,129.7
"ОАО ""Челябинский кузнечно-прессовый завод""",Детали тракторные,2025-03-30,3230.15
"ЗАО ""Белорецкий завод рессор и пружин""",Рессоры,2025-03-30,17825.5
"ЗАО ""Белорецкий завод рессор и пружин""",Детали тракторные,2025-03-30,3089.52
"ЗАО ""Белорецкий завод рессор и пружин""",Пружины,2025-03-30,74.57
66 Металлообрабатывающий завод,Провода,2025-03-30,114.4
66 Металлообрабатывающий завод,Металлоконструкции,2025-03-30,77100.64
Лепсе,Арматура,2025-03-30,121.44
Лепсе,Сетки металлические,2025-03-30,146.47
Завод Сельмаш,Корпуса,2025-03-30,4991.01
Лискимонтажконструкция,Металлоконструкции,2025-03-30,62973.64
Лискимонтажконструкция,Рессоры,2025-03-30,19495.65
Лискимонтажконструкция,Стальные изделия,2025-03-30,109.52
Завод корпусов,Стальные изделия,2025-03-30,146.85
Завод корпусов,Металлоконструкции,2025-03-30,66396.78
Завод корпусов,Корпуса,2025-03-30,4864.92
Завод chelyabinskiy-zavod-litoy-ostat,Металлопродукция,2025-03-30,154.71
Завод kamensk-uralskiy-zavod-po-obrabotke-tsvetnyh-metallov,Металлопродукция,2025-03-30,124.67
Завод kirovskiy-zavod-po-obrabotke-tsvetnyh-metallov,Металлопродукция,2025-03-30,127.68
Завод krasnoyarskiy-zavod-tsvetnyh-metallov,Металлопродукция,2025-03-30,119.11
Завод litsey-tsvetnyh-metallov,Металлопродукция,2025-03-30,125.73
Завод balashikhinskiy-metalloobrabatyvayuschiy-zavod,Металлопродукция,2025-03-30,117.68
Завод vladimirskiy-zavod-metalloizdeliy,Металлопродукция,2025-03-30,131.29
Завод voronezhskiy-metalloobrabatyvayuschiy-zavod,Металлопродукция,2025-03-30,144.3
Завод ekaterinburgskiy-metalloobrabatyvayuschiy-zavod,Металлопродукция,2025-03-30,139.79
Завод izhevskiy-metalloobrabatyvayuschiy-zavod,Металлопродукция,2025-03-30,148.05
Завод kazan-metalloobrabatyvayuschiy-zavod,Металлопродукция,2025-03-30,119.68
"ОАО ""Волгоградский завод тракторных деталей и нормалей""",Болты,2025-04-06,278.27
"ОАО ""Волгоградский завод тракторных деталей и нормалей""",Метизы,2025-04-06,105.43
"ОАО ""Волгоградский завод тракторных деталей и нормалей""",Детали тракторные,2025-04-06,3108.7
"ОАО ""Белебеевский завод ""Автонормаль""",Болты,2025-04-06,280.95
"ОАО ""Белебеевский завод ""Автонормаль""",Пружины,2025-04-06,92.89
"ОАО ""Белебеевский завод ""Автонормаль""",Прессовые изделия,2025-04-06,148.93
"ОАО ""Челябинский кузнечно-прессовый завод""",Рессоры,2025-04-06,22995.08
"ОАО ""Челябинский кузнечно-прессовый завод""",Стальные изделия,2025-04-06,125.63
"ОАО ""Челябинский кузнечно-прессовый завод""",Детали тракторные,2025-04-06,3078.95
"ЗАО ""Белорецкий завод рессор и пружин""",Рессоры,2025-04-06,17951.92
"ЗАО ""Белорецкий завод рессор и пружин""",Детали тракторные,2025-04-06,3259.63
"ЗАО ""Белорецкий завод рессор и пружин""",Пружины,2025-04-06,73.99
66 Металлообрабатывающий завод,Провода,2025-04-06,109.2
66 Металлообрабатывающий завод,Металлоконструкции,2025-04-06,78219.06
Лепсе,Арматура,2025-04-06,127.61
Лепсе,Сетки металлические,2025-04-06,148.17
Завод Сельмаш,Корпуса,2025-04-06,4689.05
Лискимонтажконструкция,Металлоконструкции,2025-04-06,60791.15
Лискимонтажконструкция,Рессоры,2025-04-06,18739.92
Лискимонтажконструкция,Стальные изделия,2025-04-06,111.75
Завод корпусов,Стальные изделия,2025-04-06,134.3
Завод корпусов,Металлоконструкции,2025-04-06,63216.42
Завод корпусов,Корпуса,2025-04-06,5223.47
Завод chelyabinskiy-zavod-litoy-ostat,Металлопродукция,2025-04-06,155.66
Завод kamensk-uralskiy-zavod-po-obrabotke-tsvetnyh-metallov,Металлопродукция,2025-04-06,118.75
Завод kirovskiy-zavod-po-obrabotke-tsvetnyh-metallov,Металлопродукция,2025-04-06,129.36
Завод krasnoyarskiy-zavod-tsvetnyh-metallov,Металлопродукция,2025-04-06,118.99
Завод litsey-tsvetnyh-metallov,Металлопродукция,2025-04-06,136.42
Завод balashikhinskiy-metalloobrabatyvayuschiy-zavod,Металлопродукция,2025-04-06,123.42
Завод vladimirskiy-zavod-metalloizdeliy,Металлопродукция,2025-04-06,121.06
Завод voronezhskiy-metalloobrabatyvayuschiy-zavod,Металлопродукция,2025-04-06,140.88
Завод ekaterinburgskiy-metalloobrabatyvayuschiy-zavod,Металлопродукция,2025-04-06,140.29
Завод izhevskiy-metalloobrabatyvayuschiy-zavod,Металлопродукция,2025-04-06,148.15
Завод kazan-metalloobrabatyvayuschiy-zavod,Металлопродукция,2025-04-06,119.35
"ОАО ""Волгоградский завод тракторных деталей и нормалей""",Болты,2025-04-13,266.57
"ОАО ""Волгоградский завод тракторных деталей и нормалей""",Метизы,2025-04-13,99.34
"ОАО ""Волгоградский завод тракторных деталей и нормалей""",Детали тракторные,2025-04-13,2887.6
"ОАО ""Белебеевский завод ""Автонормаль""",Болты,2025-04-13,278.97
"ОАО ""Белебеевский завод ""Автонормаль""",Пружины,2025-04-13,87.85
"ОАО ""Белебеевский завод ""Автонормаль""",Прессовые изделия,2025-04-13,147.26
"ОАО ""Челябинский кузнечно-прессовый завод""",Рессоры,2025-04-13,21864.6
"ОАО ""Челябинский кузнечно-прессовый завод""",Стальные изделия,2025-04-13,130.5
"ОАО ""Челябинский кузнечно-прессовый завод""",Детали тракторные,2025-04-13,3120.76
"ЗАО ""Белорецкий завод рессор и пружин""",Рессоры,2025-04-13,17155.06
"ЗАО ""Белорецкий завод рессор и пружин""",Детали тракторные,2025-04-13,3155.89
"ЗАО ""Белорецкий завод рессор и пружин""",Пружины,2025-04-13,75.71
66 Металлообрабатывающий завод,Провода,2025-04-13,108.86
66 Металлообрабатывающий завод,Металлоконструкции,2025-04-13,82142.39
Лепсе,Арматура,2025-04-13,119.77
Лепсе,Сетки металлические,2025-04-13,136.23
Завод Сельмаш,Корпуса,2025-04-13,4745.73
Лискимонтажконструкция,Металлоконструкции,2025-04-13,63293.12
Лискимонтажконструкция,Рессоры,2025-04-13,20202.6
Лискимонтажконструкция,Стальные изделия,2025-04-13,112.27
Завод корпусов,Стальные изделия,2025-04-13,144.37
Завод корпусов,Металлоконструкции,2025-04-13,63052.98
Завод корпусов,Корпуса,2025-04-13,5257.62
Завод chelyabinskiy-zavod-litoy-ostat,Металлопродукция,2025-04-13,150.93
Завод kamensk-uralskiy-zavod-po-obrabotke-tsvetnyh-metallov,Металлопродукция,2025-04-13,120.78
Завод kirovskiy-zavod-po-obrabotke-tsvetnyh-metallov,Металлопродукция,2025-04-13,123.5
Завод krasnoyarskiy-zavod-tsvetnyh-metallov,Металлопродукция,2025-04-13,123.56
Завод litsey-tsvetnyh-metallov,Металлопродукция,2025-04-13,127.99
Завод balashikhinskiy-metalloobrabatyvayuschiy-zavod,Металлопродукция,2025-04-13,121.37
Завод vladimirskiy-zavod-metalloizdeliy,Металлопродукция,2025-04-13,127.63
Завод voronezhskiy-metalloobrabatyvayuschiy-zavod,Металлопродукция,2025-04-13,148.51
Завод ekaterinburgskiy-metalloobrabatyvayuschiy-zavod,Металлопродукция,2025-04-13,146.35
Завод izhevskiy-metalloobrabatyvayuschiy-zavod,Металлопродукция,2025-04-13,143.7
Завод kazan-metalloobrabatyvayuschiy-zavod,Металлопродукция,2025-04-13,111.39
"ОАО ""Волгоградский завод тракторных деталей и нормалей""",Болты,2025-04-20,276.8
"ОАО ""Волгоградский завод тракторных деталей и нормалей""",Метизы,2025-04-20,104.05
"ОАО ""Волгоградский завод тракторных деталей и нормалей""",Детали тракторные,2025-04-20,2876.32
"ОАО ""Белебеевский завод ""Автонормаль""",Болты,2025-04-20,290.67
"ОАО ""Белебеевский завод ""Автонормаль""",Пружины,2025-04-20,86.61
"ОАО ""Белебеевский завод ""Автонормаль""",Прессовые изделия,2025-04-20,149.01
"ОАО ""Челябинский кузнечно-прессовый завод""",Рессоры,2025-04-20,21888.69
"ОАО ""Челябинский кузнечно-прессовый завод""",Стальные изделия,2025-04-20,136.83
"ОАО ""Челябинский кузнечно-прессовый завод""",Детали тракторные,2025-04-20,3013.04
"ЗАО ""Белорецкий завод рессор и пружин""",Рессоры,2025-04-20,17276.81
"ЗАО ""Белорецкий завод рессор и пружин""",Детали тракторные,2025-04-20,3017.44
"ЗАО ""Белорецкий завод рессор и пружин""",Пружины,2025-04-20,71.07
66 Металлообрабатывающий завод,Провода,2025-04-20,110.32
66 Металлообрабатывающий завод,Металлоконструкции,2025-04-20,78840.33
Лепсе,Арматура,2025-04-20,123.74
Лепсе,Сетки металлические,2025-04-20,148.96
Завод Сельмаш,Корпуса,2025-04-20,4968.84
Лискимонтажконструкция,Металлоконструкции,2025-04-20,59805.2
Лискимонтажконструкция,Рессоры,2025-04-20,20046.44
Лискимонтажконструкция,Стальные изделия,2025-04-20,108.36
Завод корпусов,Стальные изделия,2025-04-20,135.13
Завод корпусов,Металлоконструкции,2025-04-20,66265.49
Завод корпусов,Корпуса,2025-04-20,5060.18
Завод chelyabinskiy-zavod-litoy-ostat,Металлопродукция,2025-04-20,141.6
Завод kamensk-uralskiy-zavod-po-obrabotke-tsvetnyh-metallov,Металлопродукция,2025-04-20,129.58
Завод kirovskiy-zavod-po-obrabotke-tsvetnyh-metallov,Металлопродукция,2025-04-20,121.95
Завод krasnoyarskiy-zavod-tsvetnyh-metallov,Металлопродукция,2025-04-20,118.61
Завод litsey-tsvetnyh-metallov,Металлопродукция,2025-04-20,131.45
Завод balashikhinskiy-metalloobrabatyvayuschiy-zavod,Металлопродукция,2025-04-20,114.99
Завод vladimirskiy-zavod-metalloizdeliy,Металлопродукция,2025-04-20,123.76
Завод voronezhskiy-metalloobrabatyvayuschiy-zavod,Металлопродукция,2025-04-20,150.1
Завод ekaterinburgskiy-metalloobrabatyvayuschiy-zavod,Металлопродукция,2025-04-20,136.21
Завод izhevskiy-metalloobrabatyvayuschiy-zavod,Металлопродукция,2025-04-20,149.49
Завод kazan-metalloobrabatyvayuschiy-zavod,Металлопродукция,2025-04-20,121.01
"ОАО ""Волгоградский завод тракторных деталей и нормалей""",Болты,2025-04-29,335.49
"ОАО ""Волгоградский завод тракторных деталей и нормалей""",Метизы,2025-04-29,100.7
"ОАО ""Волгоградский завод тракторных деталей и нормалей""",Детали тракторные,2025-04-29,2619.84
"ОАО ""Белебеевский завод ""Автонормаль""",Болты,2025-04-29,288.77
"ОАО ""Белебеевский завод ""Автонормаль""",Пружины,2025-04-29,79.65
"ОАО ""Белебеевский завод ""Автонормаль""",Прессовые изделия,2025-04-29,149.87
"ОАО ""Челябинский кузнечно-прессовый завод""",Рессоры,2025-04-29,17688.84
"ОАО ""Челябинский кузнечно-прессовый завод""",Стальные изделия,2025-04-29,108.63
"ОАО ""Челябинский кузнечно-прессовый завод""",Детали тракторные,2025-04-29,2985.14
"ЗАО ""Белорецкий завод рессор и пружин""",Рессоры,2025-04-29,21281.16
"ЗАО ""Белорецкий завод рессор и пружин""",Детали тракторные,2025-04-29,2494.94
"ЗАО ""Белорецкий завод рессор и пружин""",Пружины,2025-04-29,89.17
66 Металлообрабатывающий завод,Провода,2025-04-29,147.93
66 Металлообрабатывающий завод,Металлоконструкции,2025-04-29,76960.94
Лепсе,Арматура,2025-04-29,127.44
Лепсе,Сетки металлические,2025-04-29,149.95
Завод Сельмаш,Корпуса,2025-04-29,4930.99
Лискимонтажконструкция,Металлоконструкции,2025-04-29,67624.29
Лискимонтажконструкция,Рессоры,2025-04-29,21196.41
Лискимонтажконструкция,Стальные изделия,2025-04-29,132.65
Завод корпусов,Стальные изделия,2025-04-29,157.28
Завод корпусов,Металлоконструкции,2025-04-29,77655.0
Завод корпусов,Корпуса,2025-04-29,5467.88
Завод chelyabinskiy-zavod-litoy-ostat,Металлопродукция,2025-04-29,114.46
Завод kamensk-uralskiy-zavod-po-obrabotke-tsvetnyh-metallov,Металлопродукция,2025-04-29,119.3
Завод kirovskiy-zavod-po-obrabotke-tsvetnyh-metallov,Металлопродукция,2025-04-29,126.99
Завод krasnoyarskiy-zavod-tsvetnyh-metallov,Металлопродукция,2025-04-29,130.44
Завод litsey-tsvetnyh-metallov,Металлопродукция,2025-04-29,120.0
Завод balashikhinskiy-metalloobrabatyvayuschiy-zavod,Металлопродукция,2025-04-29,138.75
Завод vladimirskiy-zavod-metalloizdeliy,Металлопродукция,2025-04-29,128.32
Завод voronezhskiy-metalloobrabatyvayuschiy-zavod,Металлопродукция,2025-04-29,124.79
Завод ekaterinburgskiy-metalloobrabatyvayuschiy-zavod,Металлопродукция,2025-04-29,121.51
Завод izhevskiy-metalloobrabatyvayuschiy-zavod,Металлопродукция,2025-04-29,120.88
Завод kazan-metalloobrabatyvayuschiy-zavod,Металлопродукция,2025-04-29,153.06
"ОАО ""Волгоградский завод тракторных деталей и нормалей""",Болты,2025-05-06,320.32
"ОАО ""Волгоградский завод тракторных деталей и нормалей""",Метизы,2025-05-06,104.24
"ОАО ""Волгоградский завод тракторных деталей и нормалей""",Детали тракторные,2025-05-06,2575.53
"ОАО ""Белебеевский завод ""Автонормаль""",Болты,2025-05-06,311.94
"ОАО ""Белебеевский завод ""Автонормаль""",Пружины,2025-05-06,78.74
"ОАО ""Белебеевский завод ""Автонормаль""",Прессовые изделия,2025-05-06,142.41
"ОАО ""Челябинский кузнечно-прессовый завод""",Рессоры,2025-05-06,18239.68
"ОАО ""Челябинский кузнечно-прессовый завод""",Стальные изделия,2025-05-06,112.18
"ОАО ""Челябинский кузнечно-прессовый завод""",Детали тракторные,2025-05-06,2882.86
"ЗАО ""Белорецкий завод рессор и пружин""",Рессоры,2025-05-06,20945.64
"ЗАО ""Белорецкий завод рессор и пружин""",Детали тракторные,2025-05-06,2608.41
"ЗАО ""Белорецкий завод рессор и пружин""",Пружины,2025-05-06,87.6
66 Металлообрабатывающий завод,Провода,2025-05-06,135.27
66 Металлообрабатывающий завод,Металлоконструкции,2025-05-06,77996.22
Лепсе,Арматура,2025-05-06,127.71
Лепсе,Сетки металлические,2025-05-06,149.33
Завод Сельмаш,Корпуса,2025-05-06,5069.83
Лискимонтажконструкция,Металлоконструкции,2025-05-06,64560.88
Лискимонтажконструкция,Рессоры,2025-05-06,21552.45
Лискимонтажконструкция,Стальные изделия,2025-05-06,129.05
Завод корпусов,Стальные изделия,2025-05-06,153.72
Завод корпусов,Металлоконструкции,2025-05-06,75011.09
Завод корпусов,Корпуса,2025-05-06,5101.59
Завод chelyabinskiy-zavod-litoy-ostat,Металлопродукция,2025-05-06,116.47
Завод kamensk-uralskiy-zavod-po-obrabotke-tsvetnyh-metallov,Металлопродукция,2025-05-06,116.53
Завод kirovskiy-zavod-po-obrabotke-tsvetnyh-metallov,Металлопродукция,2025-05-06,133.15
Завод krasnoyarskiy-zavod-tsvetnyh-metallov,Металлопродукция,2025-05-06,136.37
Завод litsey-tsvetnyh-metallov,Металлопродукция,2025-05-06,126.93
Завод balashikhinskiy-metalloobrabatyvayuschiy-zavod,Металлопродукция,2025-05-06,142.57
Завод vladimirskiy-zavod-metalloizdeliy,Металлопродукция,2025-05-06,137.24
Завод voronezhskiy-metalloobrabatyvayuschiy-zavod,Металлопродукция,2025-05-06,127.98
Завод ekaterinburgskiy-metalloobrabatyvayuschiy-zavod,Металлопродукция,2025-05-06,114.55
Завод izhevskiy-metalloobrabatyvayuschiy-zavod,Металлопродукция,2025-05-06,118.32
Завод kazan-metalloobrabatyvayuschiy-zavod,Металлопродукция,2025-05-06,151.8
"ОАО ""Волгоградский завод тракторных деталей и нормалей""",Болты,2025-05-13,344.9
"ОАО ""Волгоградский завод тракторных деталей и нормалей""",Метизы,2025-05-13,104.8
"ОАО ""Волгоградский завод тракторных деталей и нормалей""",Детали тракторные,2025-05-13,2579.31
"ОАО ""Белебеевский завод ""Автонормаль""",Болты,2025-05-13,292.25
"ОАО ""Белебеевский завод ""Автонормаль""",Пружины,2025-05-13,81.28
"ОАО ""Белебеевский завод ""Автонормаль""",Прессовые изделия,2025-05-13,141.0
"ОАО ""Челябинский кузнечно-прессовый завод""",Рессоры,2025-05-13,17171.07
"ОАО ""Челябинский кузнечно-прессовый завод""",Стальные изделия,2025-05-13,115.39
"ОАО ""Челябинский кузнечно-прессовый завод""",Детали тракторные,2025-05-13,2930.19
"ЗАО ""Белорецкий завод рессор и пружин""",Рессоры,2025-05-13,19514.7
"ЗАО ""Белорецкий завод рессор и пружин""",Детали тракторные,2025-05-13,2478.04
"ЗАО ""Белорецкий завод рессор и пружин""",Пружины,2025-05-13,94.23
66 Металлообрабатывающий завод,Провода,2025-05-13,134.81
66 Металлообрабатывающий завод,Металлоконструкции,2025-05-13,79212.08
Лепсе,Арматура,2025-05-13,126.74
Лепсе,Сетки металлические,2025-05-13,145.64
Завод Сельмаш,Корпуса,2025-05-13,5059.38
Лискимонтажконструкция,Металлоконструкции,2025-05-13,65227.66
Лискимонтажконструкция,Рессоры,2025-05-13,21234.42
Лискимонтажконструкция,Стальные изделия,2025-05-13,123.85
Завод корпусов,Стальные изделия,2025-05-13,157.55
Завод корпусов,Металлоконструкции,2025-05-13,78777.85
Завод корпусов,Корпуса,2025-05-13,5152.55
Завод chelyabinskiy-zavod-litoy-ostat,Металлопродукция,2025-05-13,124.97
Завод kamensk-uralskiy-zavod-po-obrabotke-tsvetnyh-metallov,Металлопродукция,2025-05-13,125.9
Завод kirovskiy-zavod-po-obrabotke-tsvetnyh-metallov,Металлопродукция,2025-05-13,127.46
Завод krasnoyarskiy-zavod-tsvetnyh-metallov,Металлопродукция,2025-05-13,137.61
Завод litsey-tsvetnyh-metallov,Металлопродукция,2025-05-13,121.05
Завод balashikhinskiy-metalloobrabatyvayuschiy-zavod,Металлопродукция,2025-05-13,143.72
Завод vladimirskiy-zavod-metalloizdeliy,Металлопродукция,2025-05-13,131.91
Завод voronezhskiy-metalloobrabatyvayuschiy-zavod,Металлопродукция,2025-05-13,120.23
Завод ekaterinburgskiy-metalloobrabatyvayuschiy-zavod,Металлопродукция,2025-05-13,122.04
Завод izhevskiy-metalloobrabatyvayuschiy-zavod,Металлопродукция,2025-05-13,123.73
Завод kazan-metalloobrabatyvayuschiy-zavod,Металлопродукция,2025-05-13,148.69
"ОАО ""Волгоградский завод тракторных деталей и нормалей""",Болты,2025-05-20,337.37
"ОАО ""Волгоградский завод тракторных деталей и нормалей""",Метизы,2025-05-20,100.02
"ОАО ""Волгоградский завод тракторных деталей и нормалей""",Детали тракторные,2025-05-20,2542.32
"ОАО ""Белебеевский завод ""Автонормаль""",Болты,2025-05-20,305.42
"ОАО ""Белебеевский завод ""Автонормаль""",Пружины,2025-05-20,80.05
"ОАО ""Белебеевский завод ""Автонормаль""",Прессовые изделия,2025-05-20,147.34
"ОАО ""Челябинский кузнечно-прессовый завод""",Рессоры,2025-05-20,17162.41
"ОАО ""Челябинский кузнечно-прессовый завод""",Стальные изделия,2025-05-20,115.07
"ОАО ""Челябинский кузнечно-прессовый завод""",Детали тракторные,2025-05-20,2842.41
"ЗАО ""Белорецкий завод рессор и пружин""",Рессоры,2025-05-20,20178.58
"ЗАО ""Белорецкий завод рессор и пружин""",Детали тракторные,2025-05-20,2396.31
"ЗАО ""Белорецкий завод рессор и пружин""",Пружины,2025-05-20,93.14
66 Металлообрабатывающий завод,Провода,2025-05-20,146.34
66 Металлообрабатывающий завод,Металлоконструкции,2025-05-20,76681.47
Лепсе,Арматура,2025-05-20,122.34
Лепсе,Сетки металлические,2025-05-20,140.59
Завод Сельмаш,Корпуса,2025-05-20,4872.27
Лискимонтажконструкция,Металлоконструкции,2025-05-20,65739.37
Лискимонтажконструкция,Рессоры,2025-05-20,21681.51
Лискимонтажконструкция,Стальные изделия,2025-05-20,127.97
Завод корпусов,Стальные изделия,2025-05-20,147.0
Завод корпусов,Металлоконструкции,2025-05-20,81669.27
Завод корпусов,Корпуса,2025-05-20,5309.92
Завод chelyabinskiy-zavod-litoy-ostat,Металлопродукция,2025-05-20,119.98
Завод kamensk-uralskiy-zavod-po-obrabotke-tsvetnyh-metallov,Металлопродукция,2025-05-20,116.04
Завод kirovskiy-zavod-po-obrabotke-tsvetnyh-metallov,Металлопродукция,2025-05-20,125.21
Завод krasnoyarskiy-zavod-tsvetnyh-metallov,Металлопродукция,2025-05-20,133.33
Завод litsey-tsvetnyh-metallov,Металлопродукция,2025-05-20,131.25
Завод balashikhinskiy-metalloobrabatyvayuschiy-zavod,Металлопродукция,2025-05-20,135.48
Завод vladimirskiy-zavod-metalloizdeliy,Металлопродукция,2025-05-20,138.71
Завод voronezhskiy-metalloobrabatyvayuschiy-zavod,Металлопродукция,2025-05-20,125.08
Завод ekaterinburgskiy-metalloobrabatyvayuschiy-zavod,Металлопродукция,2025-05-20,117.9
Завод izhevskiy-metalloobrabatyvayuschiy-zavod,Металлопродукция,2025-05-20,127.97
Завод kazan-metalloobrabatyvayuschiy-zavod,Металлопродукция,2025-05-20,158.26
"ОАО ""Волгоградский завод тракторных деталей и нормалей""",Болты,2025-05-29,300.68
"ОАО ""Волгоградский завод тракторных деталей и нормалей""",Метизы,2025-05-29,102.51
"ОАО ""Волгоградский завод тракторных деталей и нормалей""",Детали тракторные,2025-05-29,2807.56
"ОАО ""Белебеевский завод ""Автонормаль""",Болты,2025-05-29,332.29
"ОАО ""Белебеевский завод ""Автонормаль""",Пружины,2025-05-29,90.32
"ОАО ""Белебеевский завод ""Автонормаль""",Прессовые изделия,2025-05-29,143.08
"ОАО ""Челябинский кузнечно-прессовый завод""",Рессоры,2025-05-29,18802.23
"ОАО ""Челябинский кузнечно-прессовый завод""",Стальные изделия,2025-05-29,144.93
"ОАО ""Челябинский кузнечно-прессовый завод""",Детали тракторные,2025-05-29,3114.09
"ЗАО ""Белорецкий завод рессор и пружин""",Рессоры,2025-05-29,17078.23
"ЗАО ""Белорецкий завод рессор и пружин""",Детали тракторные,2025-05-29,2824.53
"ЗАО ""Белорецкий завод рессор и пружин""",Пружины,2025-05-29,71.21
66 Металлообрабатывающий завод,Провода,2025-05-29,136.4
66 Металлообрабатывающий завод,Металлоконструкции,2025-05-29,71851.44
Лепсе,Арматура,2025-05-29,115.23
Лепсе,Сетки металлические,2025-05-29,132.36
Завод Сельмаш,Корпуса,2025-05-29,5676.69
Лискимонтажконструкция,Металлоконструкции,2025-05-29,71344.12
Лискимонтажконструкция,Рессоры,2025-05-29,18187.42
Лискимонтажконструкция,Стальные изделия,2025-05-29,141.12
Завод корпусов,Стальные изделия,2025-05-29,131.97
Завод корпусов,Металлоконструкции,2025-05-29,64777.09
Завод корпусов,Корпуса,2025-05-29,5061.74
Завод chelyabinskiy-zavod-litoy-ostat,Металлопродукция,2025-05-29,120.27
Завод kamensk-uralskiy-zavod-po-obrabotke-tsvetnyh-metallov,Металлопродукция,2025-05-29,133.72
Завод kirovskiy-zavod-po-obrabotke-tsvetnyh-metallov,Металлопродукция,2025-05-29,151.65
Завод krasnoyarskiy-zavod-tsvetnyh-metallov,Металлопродукция,2025-05-29,137.6
Завод litsey-tsvetnyh-metallov,Металлопродукция,2025-05-29,151.46
Завод balashikhinskiy-metalloobrabatyvayuschiy-zavod,Металлопродукция,2025-05-29,125.04
Завод vladimirskiy-zavod-metalloizdeliy,Металлопродукция,2025-05-29,119.77
Завод voronezhskiy-metalloobrabatyvayuschiy-zavod,Металлопродукция,2025-05-29,137.68
Завод ekaterinburgskiy-metalloobrabatyvayuschiy-zavod,Металлопродукция,2025-05-29,112.65
Завод izhevskiy-metalloobrabatyvayuschiy-zavod,Металлопродукция,2025-05-29,136.49
Завод kazan-metalloobrabatyvayuschiy-zavod,Металлопродукция,2025-05-29,150.96
"ОАО ""Волгоградский завод тракторных деталей и нормалей""",Болты,2025-06-05,324.54
"ОАО ""Волгоградский завод тракторных деталей и нормалей""",Метизы,2025-06-05,103.68
"ОАО ""Волгоградский завод тракторных деталей и нормалей""",Детали тракторные,2025-06-05,2780.79
"ОАО ""Белебеевский завод ""Автонормаль""",Болты,2025-06-05,309.91
"ОАО ""Белебеевский завод ""Автонормаль""",Пружины,2025-06-05,90.52
"ОАО ""Белебеевский завод ""Автонормаль""",Прессовые изделия,2025-06-05,148.11
"ОАО ""Челябинский кузнечно-прессовый завод""",Рессоры,2025-06-05,19535.12
"ОАО ""Челябинский кузнечно-прессовый завод""",Стальные изделия,2025-06-05,138.1
"ОАО ""Челябинский кузнечно-прессовый завод""",Детали тракторные,2025-06-05,3110.72
"ЗАО ""Белорецкий завод рессор и пружин""",Рессоры,2025-06-05,17531.39
"ЗАО ""Белорецкий завод рессор и пружин""",Детали тракторные,2025-06-05,2624.66
"ЗАО ""Белорецкий завод рессор и пружин""",Пружины,2025-06-05,77.9
66 Металлообрабатывающий завод,Провода,2025-06-05,141.94
66 Металлообрабатывающий завод,Металлоконструкции,2025-06-05,69654.08
Лепсе,Арматура,2025-06-05,114.51
Лепсе,Сетки металлические,2025-06-05,135.75
Завод Сельмаш,Корпуса,2025-06-05,5872.52
Лискимонтажконструкция,Металлоконструкции,2025-06-05,70139.65
Лискимонтажконструкция,Рессоры,2025-06-05,18258.04
Лискимонтажконструкция,Стальные изделия,2025-06-05,142.54
Завод корпусов,Стальные изделия,2025-06-05,132.5
Завод корпусов,Металлоконструкции,2025-06-05,62369.63
Завод корпусов,Корпуса,2025-06-05,5000.66
Завод chelyabinskiy-zavod-litoy-ostat,Металлопродукция,2025-06-05,121.86
Завод kamensk-uralskiy-zavod-po-obrabotke-tsvetnyh-metallov,Металлопродукция,2025-06-05,127.75
Завод kirovskiy-zavod-po-obrabotke-tsvetnyh-metallov,Металлопродукция,2025-06-05,152.48
Завод krasnoyarskiy-zavod-tsvetnyh-metallov,Металлопродукция,2025-06-05,146.44
Завод litsey-tsvetnyh-metallov,Металлопродукция,2025-06-05,144.8
Завод balashikhinskiy-metalloobrabatyvayuschiy-zavod,Металлопродукция,2025-06-05,120.86
Завод vladimirskiy-zavod-metalloizdeliy,Металлопродукция,2025-06-05,124.08
Завод voronezhskiy-metalloobrabatyvayuschiy-zavod,Металлопродукция,2025-06-05,145.59
Завод ekaterinburgskiy-metalloobrabatyvayuschiy-zavod,Металлопродукция,2025-06-05,116.6
Завод izhevskiy-metalloobrabatyvayuschiy-zavod,Металлопродукция,2025-06-05,137.15
Завод kazan-metalloobrabatyvayuschiy-zavod,Металлопродукция,2025-06-05,141.16
"ОАО ""Волгоградский завод тракторных деталей и нормалей""",Болты,2025-06-12,318.29
"ОАО ""Волгоградский завод тракторных деталей и нормалей""",Метизы,2025-06-12,102.01
"ОАО ""Волгоградский завод тракторных деталей и нормалей""",Детали тракторные,2025-06-12,3052.71
"ОАО ""Белебеевский завод ""Автонормаль""",Болты,2025-06-12,320.65
"ОАО ""Белебеевский завод ""Автонормаль""",Пружины,2025-06-12,92.53
"ОАО ""Белебеевский завод ""Автонормаль""",Прессовые изделия,2025-06-12,148.64
"ОАО ""Челябинский кузнечно-прессовый завод""",Рессоры,2025-06-12,20591.41
"ОАО ""Челябинский кузнечно-прессовый завод""",Стальные изделия,2025-06-12,138.11
"ОАО ""Челябинский кузнечно-прессовый завод""",Детали тракторные,2025-06-12,3003.14
"ЗАО ""Белорецкий завод рессор и пружин""",Рессоры,2025-06-12,17758.15
"ЗАО ""Белорецкий завод рессор и пружин""",Детали тракторные,2025-06-12,2644.95
"ЗАО ""Белорецкий завод рессор и пружин""",Пружины,2025-06-12,75.92
66 Металлообрабатывающий завод,Провода,2025-06-12,142.23
66 Металлообрабатывающий завод,Металлоконструкции,2025-06-12,72908.59
Лепсе,Арматура,2025-06-12,120.44
Лепсе,Сетки металлические,2025-06-12,132.5
Завод Сельмаш,Корпуса,2025-06-12,5781.83
Лискимонтажконструкция,Металлоконструкции,2025-06-12,73867.44
Лискимонтажконструкция,Рессоры,2025-06-12,17728.71
Лискимонтажконструкция,Стальные изделия,2025-06-12,141.92
Завод корпусов,Стальные изделия,2025-06-12,131.86
Завод корпусов,Металлоконструкции,2025-06-12,62089.87
Завод корпусов,Корпуса,2025-06-12,5124.26
Завод chelyabinskiy-zavod-litoy-ostat,Металлопродукция,2025-06-12,123.47
Завод kamensk-uralskiy-zavod-po-obrabotke-tsvetnyh-metallov,Металлопродукция,2025-06-12,129.36
Завод kirovskiy-zavod-po-obrabotke-tsvetnyh-metallov,Металлопродукция,2025-06-12,144.83
Завод krasnoyarskiy-zavod-tsvetnyh-metallov,Металлопродукция,2025-06-12,143.09
Завод litsey-tsvetnyh-metallov,Металлопродукция,2025-06-12,148.26
Завод balashikhinskiy-metalloobrabatyvayuschiy-zavod,Металлопродукция,2025-06-12,127.81
Завод vladimirskiy-zavod-metalloizdeliy,Металлопродукция,2025-06-12,130.05
Завод voronezhskiy-metalloobrabatyvayuschiy-zavod,Металлопродукция,2025-06-12,140.98
Завод ekaterinburgskiy-metalloobrabatyvayuschiy-zavod,Металлопродукция,2025-06-12,118.28
Завод izhevskiy-metalloobrabatyvayuschiy-zavod,Металлопродукция,2025-06-12,143.5
Завод kazan-metalloobrabatyvayuschiy-zavod,Металлопродукция,2025-06-12,147.73
"ОАО ""Волгоградский завод тракторных деталей и нормалей""",Болты,2025-06-19,323.41
"ОАО ""Волгоградский завод тракторных деталей и нормалей""",Метизы,2025-06-19,96.17
"ОАО ""Волгоградский завод тракторных деталей и нормалей""",Детали тракторные,2025-06-19,3000.24
"ОАО ""Белебеевский завод ""Автонормаль""",Болты,2025-06-19,322.32
"ОАО ""Белебеевский завод ""Автонормаль""",Пружины,2025-06-19,85.11
"ОАО ""Белебеевский завод ""Автонормаль""",Прессовые изделия,2025-06-19,140.96
"ОАО ""Челябинский кузнечно-прессовый завод""",Рессоры,2025-06-19,18687.48
"ОАО ""Челябинский кузнечно-прессовый завод""",Стальные изделия,2025-06-19,147.55
"ОАО ""Челябинский кузнечно-прессовый завод""",Детали тракторные,2025-06-19,2905.0
"ЗАО ""Белорецкий завод рессор и пружин""",Рессоры,2025-06-19,18222.62
"ЗАО ""Белорецкий завод рессор и пружин""",Детали тракторные,2025-06-19,2805.52
"ЗАО ""Белорецкий завод рессор и пружин""",Пружины,2025-06-19,75.71
66 Металлообрабатывающий завод,Провода,2025-06-19,134.46
66 Металлообрабатывающий завод,Металлоконструкции,2025-06-19,68173.77
Лепсе,Арматура,2025-06-19,114.59
Лепсе,Сетки металлические,2025-06-19,133.37
Завод Сельмаш,Корпуса,2025-06-19,5555.33
Лискимонтажконструкция,Металлоконструкции,2025-06-19,71649.7
Лискимонтажконструкция,Рессоры,2025-06-19,17865.12
Лискимонтажконструкция,Стальные изделия,2025-06-19,138.6
Завод корпусов,Стальные изделия,2025-06-19,133.85
Завод корпусов,Металлоконструкции,2025-06-19,64111.94
Завод корпусов,Корпуса,2025-06-19,5034.72
Завод chelyabinskiy-zavod-litoy-ostat,Металлопродукция,2025-06-19,114.88
Завод kamensk-uralskiy-zavod-po-obrabotke-tsvetnyh-metallov,Металлопродукция,2025-06-19,126.28
Завод kirovskiy-zavod-po-obrabotke-tsvetnyh-metallov,Металлопродукция,2025-06-19,154.49
Завод krasnoyarskiy-zavod-tsvetnyh-metallov,Металлопродукция,2025-06-19,143.14
Завод litsey-tsvetnyh-metallov,Металлопродукция,2025-06-19,144.37
Завод balashikhinskiy-metalloobrabatyvayuschiy-zavod,Металлопродукция,2025-06-19,124.5
Завод vladimirskiy-zavod-metalloizdeliy,Металлопродукция,2025-06-19,126.72
Завод voronezhskiy-metalloobrabatyvayuschiy-zavod,Металлопродукция,2025-06-19,140.58
Завод ekaterinburgskiy-metalloobrabatyvayuschiy-zavod,Металлопродукция,2025-06-19,112.35
Завод izhevskiy-metalloobrabatyvayuschiy-zavod,Металлопродукция,2025-06-19,144.98
Завод kazan-metalloobrabatyvayuschiy-zavod,Металлопродукция,2025-06-19,139.81
"ОАО ""Волгоградский завод тракторных деталей и нормалей""",Болты,2025-06-28,321.17
"ОАО ""Волгоградский завод тракторных деталей и нормалей""",Метизы,2025-06-28,82.33
"ОАО ""Волгоградский завод тракторных деталей и нормалей""",Детали тракторные,2025-06-28,2832.74
"ОАО ""Белебеевский завод ""Автонормаль""",Болты,2025-06-28,273.63
"ОАО ""Белебеевский завод ""Автонормаль""",Пружины,2025-06-28,80.04
"ОАО ""Белебеевский завод ""Автонормаль""",Прессовые изделия,2025-06-28,132.91
"ОАО ""Челябинский кузнечно-прессовый завод""",Рессоры,2025-06-28,19899.13
"ОАО ""Челябинский кузнечно-прессовый завод""",Стальные изделия,2025-06-28,119.24
"ОАО ""Челябинский кузнечно-прессовый завод""",Детали тракторные,2025-06-28,3021.91
"ЗАО ""Белорецкий завод рессор и пружин""",Рессоры,2025-06-28,17952.61
"ЗАО ""Белорецкий завод рессор и пружин""",Детали тракторные,2025-06-28,2586.36
"ЗАО ""Белорецкий завод рессор и пружин""",Пружины,2025-06-28,80.41
66 Металлообрабатывающий завод,Провода,2025-06-28,123.05
66 Металлообрабатывающий завод,Металлоконструкции,2025-06-28,72543.46
Лепсе,Арматура,2025-06-28,128.5
Лепсе,Сетки металлические,2025-06-28,111.25
Завод Сельмаш,Корпуса,2025-06-28,4559.47
Лискимонтажконструкция,Металлоконструкции,2025-06-28,56209.56
Лискимонтажконструкция,Рессоры,2025-06-28,15831.17
Лискимонтажконструкция,Стальные изделия,2025-06-28,134.56
Завод корпусов,Стальные изделия,2025-06-28,123.23
Завод корпусов,Металлоконструкции,2025-06-28,67922.91
Завод корпусов,Корпуса,2025-06-28,4988.14
Завод chelyabinskiy-zavod-litoy-ostat,Металлопродукция,2025-06-28,123.21
Завод kamensk-uralskiy-zavod-po-obrabotke-tsvetnyh-metallov,Металлопродукция,2025-06-28,116.12
Завод kirovskiy-zavod-po-obrabotke-tsvetnyh-metallov,Металлопродукция,2025-06-28,130.29
Завод krasnoyarskiy-zavod-tsvetnyh-metallov,Металлопродукция,2025-06-28,112.0
Завод litsey-tsvetnyh-metallov,Металлопродукция,2025-06-28,123.46
Завод balashikhinskiy-metalloobrabatyvayuschiy-zavod,Металлопродукция,2025-06-28,117.3
Завод vladimirskiy-zavod-metalloizdeliy,Металлопродукция,2025-06-28,138.32
Завод voronezhskiy-metalloobrabatyvayuschiy-zavod,Металлопродукция,2025-06-28,131.82
Завод ekaterinburgskiy-metalloobrabatyvayuschiy-zavod,Металлопродукция,2025-06-28,133.57
Завод izhevskiy-metalloobrabatyvayuschiy-zavod,Металлопродукция,2025-06-28,107.84
Завод kazan-metalloobrabatyvayuschiy-zavod,Металлопродукция,2025-06-28,138.48
"ОАО ""Волгоградский завод тракторных деталей и нормалей""",Болты,2025-07-05,313.77
"ОАО ""Волгоградский завод тракторных деталей и нормалей""",Метизы,2025-07-05,82.19
"ОАО ""Волгоградский завод тракторных деталей и нормалей""",Детали тракторные,2025-07-05,2754.84
"ОАО ""Белебеевский завод ""Автонормаль""",Болты,2025-07-05,284.45
"ОАО ""Белебеевский завод ""Автонормаль""",Пружины,2025-07-05,86.52
"ОАО ""Белебеевский завод ""Автонормаль""",Прессовые изделия,2025-07-05,135.05
"ОАО ""Челябинский кузнечно-прессовый завод""",Рессоры,2025-07-05,19588.17
"ОАО ""Челябинский кузнечно-прессовый завод""",Стальные изделия,2025-07-05,112.66
"ОАО ""Челябинский кузнечно-прессовый завод""",Детали тракторные,2025-07-05,2847.25
"ЗАО ""Белорецкий завод рессор и пружин""",Рессоры,2025-07-05,16922.51
"ЗАО ""Белорецкий завод рессор и пружин""",Детали тракторные,2025-07-05,2536.63
"ЗАО ""Белорецкий завод рессор и пружин""",Пружины,2025-07-05,87.93
66 Металлообрабатывающий завод,Провода,2025-07-05,129.95
66 Металлообрабатывающий завод,Металлоконструкции,2025-07-05,67548.0
Лепсе,Арматура,2025-07-05,129.73
Лепсе,Сетки металлические,2025-07-05,115.94
Завод Сельмаш,Корпуса,2025-07-05,4568.5
Лискимонтажконструкция,Металлоконструкции,2025-07-05,57883.15
Лискимонтажконструкция,Рессоры,2025-07-05,16193.37
Лискимонтажконструкция,Стальные изделия,2025-07-05,140.13
Завод корпусов,Стальные изделия,2025-07-05,123.74
Завод корпусов,Металлоконструкции,2025-07-05,71510.53
Завод корпусов,Корпуса,2025-07-05,4945.15
Завод chelyabinskiy-zavod-litoy-ostat,Металлопродукция,2025-07-05,122.29
Завод kamensk-uralskiy-zavod-po-obrabotke-tsvetnyh-metallov,Металлопродукция,2025-07-05,112.38
Завод kirovskiy-zavod-po-obrabotke-tsvetnyh-metallov,Металлопродукция,2025-07-05,126.95
Завод krasnoyarskiy-zavod-tsvetnyh-metallov,Металлопродукция,2025-07-05,113.33
Завод litsey-tsvetnyh-metallov,Металлопродукция,2025-07-05,128.96
Завод balashikhinskiy-metalloobrabatyvayuschiy-zavod,Металлопродукция,2025-07-05,124.91
Завод vladimirskiy-zavod-metalloizdeliy,Металлопродукция,2025-07-05,131.55
Завод voronezhskiy-metalloobrabatyvayuschiy-zavod,Металлопродукция,2025-07-05,125.22
Завод ekaterinburgskiy-metalloobrabatyvayuschiy-zavod,Металлопродукция,2025-07-05,122.65
Завод izhevskiy-metalloobrabatyvayuschiy-zavod,Металлопродукция,2025-07-05,111.63
Завод kazan-metalloobrabatyvayuschiy-zavod,Металлопродукция,2025-07-05,142.23
"ОАО ""Волгоградский завод тракторных деталей и нормалей""",Болты,2025-07-12,322.6
"ОАО ""Волгоградский завод тракторных деталей и нормалей""",Метизы,2025-07-12,88.11
"ОАО ""Волгоградский завод тракторных деталей и нормалей""",Детали тракторные,2025-07-12,2772.34
"ОАО ""Белебеевский завод ""Автонормаль""",Болты,2025-07-12,287.18
"ОАО ""Белебеевский завод ""Автонормаль""",Пружины,2025-07-12,80.51
"ОАО ""Белебеевский завод ""Автонормаль""",Прессовые изделия,2025-07-12,133.9
"ОАО ""Челябинский кузнечно-прессовый завод""",Рессоры,2025-07-12,19830.56
"ОАО ""Челябинский кузнечно-прессовый завод""",Стальные изделия,2025-07-12,114.07
"ОАО ""Челябинский кузнечно-прессовый завод""",Детали тракторные,2025-07-12,3019.24
"ЗАО ""Белорецкий завод рессор и пружин""",Рессоры,2025-07-12,17236.97
"ЗАО ""Белорецкий завод рессор и пружин""",Детали тракторные,2025-07-12,2452.06
"ЗАО ""Белорецкий завод рессор и пружин""",Пружины,2025-07-12,83.8
66 Металлообрабатывающий завод,Провода,2025-07-12,126.38
66 Металлообрабатывающий завод,Металлоконструкции,2025-07-12,71086.49
Лепсе,Арматура,2025-07-12,132.86
Лепсе,Сетки металлические,2025-07-12,121.8
Завод Сельмаш,Корпуса,2025-07-12,4877.81
Лискимонтажконструкция,Металлоконструкции,2025-07-12,60553.16
Лискимонтажконструкция,Рессоры,2025-07-12,15974.72
Лискимонтажконструкция,Стальные изделия,2025-07-12,131.9
Завод корпусов,Стальные изделия,2025-07-12,121.06
Завод корпусов,Металлоконструкции,2025-07-12,73166.57
Завод корпусов,Корпуса,2025-07-12,5064.02
Завод chelyabinskiy-zavod-litoy-ostat,Металлопродукция,2025-07-12,127.13
Завод kamensk-uralskiy-zavod-po-obrabotke-tsvetnyh-metallov,Металлопродукция,2025-07-12,111.46
Завод kirovskiy-zavod-po-obrabotke-tsvetnyh-metallov,Металлопродукция,2025-07-12,130.58
Завод krasnoyarskiy-zavod-tsvetnyh-metallov,Металлопродукция,2025-07-12,105.5
Завод litsey-tsvetnyh-metallov,Металлопродукция,2025-07-12,122.69
Завод balashikhinskiy-metalloobrabatyvayuschiy-zavod,Металлопродукция,2025-07-12,121.99
Завод vladimirskiy-zavod-metalloizdeliy,Металлопродукция,2025-07-12,132.78
Завод voronezhskiy-metalloobrabatyvayuschiy-zavod,Металлопродукция,2025-07-12,133.86
Завод ekaterinburgskiy-metalloobrabatyvayuschiy-zavod,Металлопродукция,2025-07-12,124.07
Завод izhevskiy-metalloobrabatyvayuschiy-zavod,Металлопродукция,2025-07-12,112.45
Завод kazan-metalloobrabatyvayuschiy-zavod,Металлопродукция,2025-07-12,136.93
"ОАО ""Волгоградский завод тракторных деталей и нормалей""",Болты,2025-07-19,327.21
"ОАО ""Волгоградский завод тракторных деталей и нормалей""",Метизы,2025-07-19,82.4
"ОАО ""Волгоградский завод тракторных деталей и нормалей""",Детали тракторные,2025-07-19,2734.48
"ОАО ""Белебеевский завод ""Автонормаль""",Болты,2025-07-19,279.89
"ОАО ""Белебеевский завод ""Автонормаль""",Пружины,2025-07-19,84.39
"ОАО ""Белебеевский завод ""Автонормаль""",Прессовые изделия,2025-07-19,141.33
"ОАО ""Челябинский кузнечно-прессовый завод""",Рессоры,2025-07-19,19302.17
"ОАО ""Челябинский кузнечно-прессовый завод""",Стальные изделия,2025-07-19,116.69
"ОАО ""Челябинский кузнечно-прессовый завод""",Детали тракторные,2025-07-19,3003.66
"ЗАО ""Белорецкий завод рессор и пружин""",Рессоры,2025-07-19,18080.91
"ЗАО ""Белорецкий завод рессор и пружин""",Детали тракторные,2025-07-19,2458.64
"ЗАО ""Белорецкий завод рессор и пружин""",Пружины,2025-07-19,80.71
66 Металлообрабатывающий завод,Провода,2025-07-19,131.8
66 Металлообрабатывающий завод,Металлоконструкции,2025-07-19,73050.55
Лепсе,Арматура,2025-07-19,137.51
Лепсе,Сетки металлические,2025-07-19,112.49
Завод Сельмаш,Корпуса,2025-07-19,4962.75
Лискимонтажконструкция,Металлоконструкции,2025-07-19,57017.68
Лискимонтажконструкция,Рессоры,2025-07-19,15384.41
Лискимонтажконструкция,Стальные изделия,2025-07-19,145.65
Завод корпусов,Стальные изделия,2025-07-19,118.33
Завод корпусов,Металлоконструкции,2025-07-19,67506.5
Завод корпусов,Корпуса,2025-07-19,4964.03
Завод chelyabinskiy-zavod-litoy-ostat,Металлопродукция,2025-07-19,132.29
Завод kamensk-uralskiy-zavod-po-obrabotke-tsvetnyh-metallov,Металлопродукция,2025-07-19,109.2
Завод kirovskiy-zavod-po-obrabotke-tsvetnyh-metallov,Металлопродукция,2025-07-19,121.38
Завод krasnoyarskiy-zavod-tsvetnyh-metallov,Металлопродукция,2025-07-19,113.66
Завод litsey-tsvetnyh-metallov,Металлопродукция,2025-07-19,121.22
Завод balashikhinskiy-metalloobrabatyvayuschiy-zavod,Металлопродукция,2025-07-19,123.99
Завод vladimirskiy-zavod-metalloizdeliy,Металлопродукция,2025-07-19,130.84
Завод voronezhskiy-metalloobrabatyvayuschiy-zavod,Металлопродукция,2025-07-19,130.31
Завод ekaterinburgskiy-metalloobrabatyvayuschiy-zavod,Металлопродукция,2025-07-19,132.07
Завод izhevskiy-metalloobrabatyvayuschiy-zavod,Металлопродукция,2025-07-19,107.86
Завод kazan-metalloobrabatyvayuschiy-zavod,Металлопродукция,2025-07-19,141.23
"ОАО ""Волгоградский завод тракторных деталей и нормалей""",Болты,2025-07-28,293.24
"ОАО ""Волгоградский завод тракторных деталей и нормалей""",Метизы,2025-07-28,91.67
"ОАО ""Волгоградский завод тракторных деталей и нормалей""",Детали тракторные,2025-07-28,2623.17
"ОАО ""Белебеевский завод ""Автонормаль""",Болты,2025-07-28,272.09
"ОАО ""Белебеевский завод ""Автонормаль""",Пружины,2025-07-28,69.79
"ОАО ""Белебеевский завод ""Автонормаль""",Прессовые изделия,2025-07-28,123.07
"ОАО ""Челябинский кузнечно-прессовый завод""",Рессоры,2025-07-28,18815.4
"ОАО ""Челябинский кузнечно-прессовый завод""",Стальные изделия,2025-07-28,132.27
"ОАО ""Челябинский кузнечно-прессовый завод""",Детали тракторные,2025-07-28,2693.43
"ЗАО ""Белорецкий завод рессор и пружин""",Рессоры,2025-07-28,20973.07
"ЗАО ""Белорецкий завод рессор и пружин""",Детали тракторные,2025-07-28,2144.82
"ЗАО ""Белорецкий завод рессор и пружин""",Пружины,2025-07-28,86.81
66 Металлообрабатывающий завод,Провода,2025-07-28,135.22
66 Металлообрабатывающий завод,Металлоконструкции,2025-07-28,75329.1
Лепсе,Арматура,2025-07-28,118.26
Лепсе,Сетки металлические,2025-07-28,106.64
Завод Сельмаш,Корпуса,2025-07-28,5100.56
Лискимонтажконструкция,Металлоконструкции,2025-07-28,73525.57
Лискимонтажконструкция,Рессоры,2025-07-28,15749.63
Лискимонтажконструкция,Стальные изделия,2025-07-28,127.15
Завод корпусов,Стальные изделия,2025-07-28,134.26
Завод корпусов,Металлоконструкции,2025-07-28,57123.47
Завод корпусов,Корпуса,2025-07-28,5815.48
Завод chelyabinskiy-zavod-litoy-ostat,Металлопродукция,2025-07-28,111.07
Завод kamensk-uralskiy-zavod-po-obrabotke-tsvetnyh-metallov,Металлопродукция,2025-07-28,128.65
Завод kirovskiy-zavod-po-obrabotke-tsvetnyh-metallov,Металлопродукция,2025-07-28,111.95
Завод krasnoyarskiy-zavod-tsvetnyh-metallov,Металлопродукция,2025-07-28,105.87
Завод litsey-tsvetnyh-metallov,Металлопродукция,2025-07-28,127.12
Завод balashikhinskiy-metalloobrabatyvayuschiy-zavod,Металлопродукция,2025-07-28,137.05
Завод vladimirskiy-zavod-metalloizdeliy,Металлопродукция,2025-07-28,112.14
Завод voronezhskiy-metalloobrabatyvayuschiy-zavod,Металлопродукция,2025-07-28,132.37
Завод ekaterinburgskiy-metalloobrabatyvayuschiy-zavod,Металлопродукция,2025-07-28,138.82
Завод izhevskiy-metalloobrabatyvayuschiy-zavod,Металлопродукция,2025-07-28,108.11
Завод kazan-metalloobrabatyvayuschiy-zavod,Металлопродукция,2025-07-28,123.72
"ОАО ""Волгоградский завод тракторных деталей и нормалей""",Болты,2025-08-04,284.99
"ОАО ""Волгоградский завод тракторных деталей и нормалей""",Метизы,2025-08-04,92.2
"ОАО ""Волгоградский завод тракторных деталей и нормалей""",Детали тракторные,2025-08-04,2639.93
"ОАО ""Белебеевский завод ""Автонормаль""",Болты,2025-08-04,275.06
"ОАО ""Белебеевский завод ""Автонормаль""",Пружины,2025-08-04,71.19
"ОАО ""Белебеевский завод ""Автонормаль""",Прессовые изделия,2025-08-04,123.43
"ОАО ""Челябинский кузнечно-прессовый завод""",Рессоры,2025-08-04,20139.26
"ОАО ""Челябинский кузнечно-прессовый завод""",Стальные изделия,2025-08-04,129.96
"ОАО ""Челябинский кузнечно-прессовый завод""",Детали тракторные,2025-08-04,2667.95
"ЗАО ""Белорецкий завод рессор и пружин""",Рессоры,2025-08-04,20527.11
"ЗАО ""Белорецкий завод рессор и пружин""",Детали тракторные,2025-08-04,2229.21
"ЗАО ""Белорецкий завод рессор и пружин""",Пружины,2025-08-04,85.64
66 Металлообрабатывающий завод,Провода,2025-08-04,133.19
66 Металлообрабатывающий завод,Металлоконструкции,2025-08-04,70465.92
Лепсе,Арматура,2025-08-04,115.69
Лепсе,Сетки металлические,2025-08-04,110.34
Завод Сельмаш,Корпуса,2025-08-04,5031.59
Лискимонтажконструкция,Металлоконструкции,2025-08-04,74745.54
Лискимонтажконструкция,Рессоры,2025-08-04,16370.02
Лискимонтажконструкция,Стальные изделия,2025-08-04,130.26
Завод корпусов,Стальные изделия,2025-08-04,146.17
Завод корпусов,Металлоконструкции,2025-08-04,58210.91
Завод корпусов,Корпуса,2025-08-04,5689.97
Завод chelyabinskiy-zavod-litoy-ostat,Металлопродукция,2025-08-04,114.86
Завод kamensk-uralskiy-zavod-po-obrabotke-tsvetnyh-metallov,Металлопродукция,2025-08-04,121.23
Завод kirovskiy-zavod-po-obrabotke-tsvetnyh-metallov,Металлопродукция,2025-08-04,114.15
Завод krasnoyarskiy-zavod-tsvetnyh-metallov,Металлопродукция,2025-08-04,102.46
Завод litsey-tsvetnyh-metallov,Металлопродукция,2025-08-04,125.43
Завод balashikhinskiy-metalloobrabatyvayuschiy-zavod,Металлопродукция,2025-08-04,132.76
Завод vladimirskiy-zavod-metalloizdeliy,Металлопродукция,2025-08-04,111.54
Завод voronezhskiy-metalloobrabatyvayuschiy-zavod,Металлопродукция,2025-08-04,138.98
Завод ekaterinburgskiy-metalloobrabatyvayuschiy-zavod,Металлопродукция,2025-08-04,138.86
Завод izhevskiy-metalloobrabatyvayuschiy-zavod,Металлопродукция,2025-08-04,104.25
Завод kazan-metalloobrabatyvayuschiy-zavod,Металлопродукция,2025-08-04,120.85
"ОАО ""Волгоградский завод тракторных деталей и нормалей""",Болты,2025-08-11,304.66
"ОАО ""Волгоградский завод тракторных деталей и нормалей""",Метизы,2025-08-11,84.47
"ОАО ""Волгоградский завод тракторных деталей и нормалей""",Детали тракторные,2025-08-11,2506.21
"ОАО ""Белебеевский завод ""Автонормаль""",Болты,2025-08-11,275.85
"ОАО ""Белебеевский завод ""Автонормаль""",Пружины,2025-08-11,67.94
"ОАО ""Белебеевский завод ""Автонормаль""",Прессовые изделия,2025-08-11,122.07
"ОАО ""Челябинский кузнечно-прессовый завод""",Рессоры,2025-08-11,19351.68
"ОАО ""Челябинский кузнечно-прессовый завод""",Стальные изделия,2025-08-11,133.81
"ОАО ""Челябинский кузнечно-прессовый завод""",Детали тракторные,2025-08-11,2524.59
"ЗАО ""Белорецкий завод рессор и пружин""",Рессоры,2025-08-11,19975.15
"ЗАО ""Белорецкий завод рессор и пружин""",Детали тракторные,2025-08-11,2201.98
"ЗАО ""Белорецкий завод рессор и пружин""",Пружины,2025-08-11,85.67
66 Металлообрабатывающий завод,Провода,2025-08-11,123.85
66 Металлообрабатывающий завод,Металлоконструкции,2025-08-11,72686.37
Лепсе,Арматура,2025-08-11,109.99
Лепсе,Сетки металлические,2025-08-11,109.74
Завод Сельмаш,Корпуса,2025-08-11,4865.95
Лискимонтажконструкция,Металлоконструкции,2025-08-11,72837.26
Лискимонтажконструкция,Рессоры,2025-08-11,15778.71
Лискимонтажконструкция,Стальные изделия,2025-08-11,131.62
Завод корпусов,Стальные изделия,2025-08-11,140.76
Завод корпусов,Металлоконструкции,2025-08-11,56001.6
Завод корпусов,Корпуса,2025-08-11,6059.45
Завод chelyabinskiy-zavod-litoy-ostat,Металлопродукция,2025-08-11,117.25
Завод kamensk-uralskiy-zavod-po-obrabotke-tsvetnyh-metallov,Металлопродукция,2025-08-11,122.26
Завод kirovskiy-zavod-po-obrabotke-tsvetnyh-metallov,Металлопродукция,2025-08-11,109.03
Завод krasnoyarskiy-zavod-tsvetnyh-metallov,Металлопродукция,2025-08-11,103.07
Завод litsey-tsvetnyh-metallov,Металлопродукция,2025-08-11,128.4
Завод balashikhinskiy-metalloobrabatyvayuschiy-zavod,Металлопродукция,2025-08-11,135.75
Завод vladimirskiy-zavod-metalloizdeliy,Металлопродукция,2025-08-11,104.53
Завод voronezhskiy-metalloobrabatyvayuschiy-zavod,Металлопродукция,2025-08-11,131.86
Завод ekaterinburgskiy-metalloobrabatyvayuschiy-zavod,Металлопродукция,2025-08-11,144.6
Завод izhevskiy-metalloobrabatyvayuschiy-zavod,Металлопродукция,2025-08-11,106.36
Завод kazan-metalloobrabatyvayuschiy-zavod,Металлопродукция,2025-08-11,127.6
"ОАО ""Волгоградский завод тракторных деталей и нормалей""",Болты,2025-08-18,303.08
"ОАО ""Волгоградский завод тракторных деталей и нормалей""",Метизы,2025-08-18,89.25
"ОАО ""Волгоградский завод тракторных деталей и нормалей""",Детали тракторные,2025-08-18,2481.93
"ОАО ""Белебеевский завод ""Автонормаль""",Болты,2025-08-18,289.65
"ОАО ""Белебеевский завод ""Автонормаль""",Пружины,2025-08-18,70.63
"ОАО ""Белебеевский завод ""Автонормаль""",Прессовые изделия,2025-08-18,124.96
"ОАО ""Челябинский кузнечно-прессовый завод""",Рессоры,2025-08-18,19545.07
"ОАО ""Челябинский кузнечно-прессовый завод""",Стальные изделия,2025-08-18,135.34
"ОАО ""Челябинский кузнечно-прессовый завод""",Детали тракторные,2025-08-18,2569.91
"ЗАО ""Белорецкий завод рессор и пружин""",Рессоры,2025-08-18,21393.15
"ЗАО ""Белорецкий завод рессор и пружин""",Детали тракторные,2025-08-18,2212.39
"ЗАО ""Белорецкий завод рессор и пружин""",Пружины,2025-08-18,82.92
66 Металлообрабатывающий завод,Провода,2025-08-18,129.75
66 Металлообрабатывающий завод,Металлоконструкции,2025-08-18,75369.73
Лепсе,Арматура,2025-08-18,111.97
Лепсе,Сетки металлические,2025-08-18,109.16
Завод Сельмаш,Корпуса,2025-08-18,4778.53
Лискимонтажконструкция,Металлоконструкции,2025-08-18,71967.31
Лискимонтажконструкция,Рессоры,2025-08-18,16629.18
Лискимонтажконструкция,Стальные изделия,2025-08-18,128.01
Завод корпусов,Стальные изделия,2025-08-18,138.74
Завод корпусов,Металлоконструкции,2025-08-18,55078.89
Завод корпусов,Корпуса,2025-08-18,6009.58
Завод chelyabinskiy-zavod-litoy-ostat,Металлопродукция,2025-08-18,115.64
Завод kamensk-uralskiy-zavod-po-obrabotke-tsvetnyh-metallov,Металлопродукция,2025-08-18,128.42
Завод kirovskiy-zavod-po-obrabotke-tsvetnyh-metallov,Металлопродукция,2025-08-18,113.61
Завод krasnoyarskiy-zavod-tsvetnyh-metallov,Металлопродукция,2025-08-18,106.55
Завод litsey-tsvetnyh-metallov,Металлопродукция,2025-08-18,128.01
Завод balashikhinskiy-metalloobrabatyvayuschiy-zavod,Металлопродукция,2025-08-18,143.96
Завод vladimirskiy-zavod-metalloizdeliy,Металлопродукция,2025-08-18,114.8
Завод voronezhskiy-metalloobrabatyvayuschiy-zavod,Металлопродукция,2025-08-18,137.88
Завод ekaterinburgskiy-metalloobrabatyvayuschiy-zavod,Металлопродукция,2025-08-18,144.89
Завод izhevskiy-metalloobrabatyvayuschiy-zavod,Металлопродукция,2025-08-18,109.11
Завод kazan-metalloobrabatyvayuschiy-zavod,Металлопродукция,2025-08-18,121.1
"ОАО ""Волгоградский завод тракторных деталей и нормалей""",Болты,2025-08-27,338.76
"ОАО ""Волгоградский завод тракторных деталей и нормалей""",Метизы,2025-08-27,100.04
"ОАО ""Волгоградский завод тракторных деталей и нормалей""",Детали тракторные,2025-08-27,2967.52
"ОАО ""Белебеевский завод ""Автонормаль""",Болты,2025-08-27,285.5
"ОАО ""Белебеевский завод ""Автонормаль""",Пружины,2025-08-27,81.1
"ОАО ""Белебеевский завод ""Автонормаль""",Прессовые изделия,2025-08-27,122.94
"ОАО ""Челябинский кузнечно-прессовый завод""",Рессоры,2025-08-27,16800.64
"ОАО ""Челябинский кузнечно-прессовый завод""",Стальные изделия,2025-08-27,140.3
"ОАО ""Челябинский кузнечно-прессовый завод""",Детали тракторные,2025-08-27,2187.21
"ЗАО ""Белорецкий завод рессор и пружин""",Рессоры,2025-08-27,17468.71
"ЗАО ""Белорецкий завод рессор и пружин""",Детали тракторные,2025-08-27,2561.54
"ЗАО ""Белорецкий завод рессор и пружин""",Пружины,2025-08-27,75.48
66 Металлообрабатывающий завод,Провода,2025-08-27,118.39
66 Металлообрабатывающий завод,Металлоконструкции,2025-08-27,61192.47
Лепсе,Арматура,2025-08-27,132.65
Лепсе,Сетки металлические,2025-08-27,134.46
Завод Сельмаш,Корпуса,2025-08-27,5815.04
Лискимонтажконструкция,Металлоконструкции,2025-08-27,58093.31
Лискимонтажконструкция,Рессоры,2025-08-27,18319.17
Лискимонтажконструкция,Стальные изделия,2025-08-27,137.51
Завод корпусов,Стальные изделия,2025-08-27,144.79
Завод корпусов,Металлоконструкции,2025-08-27,73416.08
Завод корпусов,Корпуса,2025-08-27,5434.84
Завод chelyabinskiy-zavod-litoy-ostat,Металлопродукция,2025-08-27,107.01
Завод kamensk-uralskiy-zavod-po-obrabotke-tsvetnyh-metallov,Металлопродукция,2025-08-27,142.63
Завод kirovskiy-zavod-po-obrabotke-tsvetnyh-metallov,Металлопродукция,2025-08-27,135.57
Завод krasnoyarskiy-zavod-tsvetnyh-metallov,Металлопродукция,2025-08-27,102.71
Завод litsey-tsvetnyh-metallov,Металлопродукция,2025-08-27,134.13
Завод balashikhinskiy-metalloobrabatyvayuschiy-zavod,Металлопродукция,2025-08-27,125.76
Завод vladimirskiy-zavod-metalloizdeliy,Металлопродукция,2025-08-27,116.69
Завод voronezhskiy-metalloobrabatyvayuschiy-zavod,Металлопродукция,2025-08-27,115.05
Завод ekaterinburgskiy-metalloobrabatyvayuschiy-zavod,Металлопродукция,2025-08-27,135.87
Завод izhevskiy-metalloobrabatyvayuschiy-zavod,Металлопродукция,2025-08-27,123.72
Завод kazan-metalloobrabatyvayuschiy-zavod,Металлопродукция,2025-08-27,134.57
"ОАО ""Волгоградский завод тракторных деталей и нормалей""",Болты,2025-09-03,328.24
"ОАО ""Волгоградский завод тракторных деталей и нормалей""",Метизы,2025-09-03,97.28
"ОАО ""Волгоградский завод тракторных деталей и нормалей""",Детали тракторные,2025-09-03,2774.03
"ОАО ""Белебеевский завод ""Автонормаль""",Болты,2025-09-03,289.04
"ОАО ""Белебеевский завод ""Автонормаль""",Пружины,2025-09-03,82.02
"ОАО ""Белебеевский завод ""Автонормаль""",Прессовые изделия,2025-09-03,126.44
"ОАО ""Челябинский кузнечно-прессовый завод""",Рессоры,2025-09-03,18285.64
"ОАО ""Челябинский кузнечно-прессовый завод""",Стальные изделия,2025-09-03,142.3
"ОАО ""Челябинский кузнечно-прессовый завод""",Детали тракторные,2025-09-03,2248.0
"ЗАО ""Белорецкий завод рессор и пружин""",Рессоры,2025-09-03,17166.91
"ЗАО ""Белорецкий завод рессор и пружин""",Детали тракторные,2025-09-03,2571.65
"ЗАО ""Белорецкий завод рессор и пружин""",Пружины,2025-09-03,77.41
66 Металлообрабатывающий завод,Провода,2025-09-03,122.17
66 Металлообрабатывающий завод,Металлоконструкции,2025-09-03,64053.61
Лепсе,Арматура,2025-09-03,124.87
Лепсе,Сетки металлические,2025-09-03,130.94
Завод Сельмаш,Корпуса,2025-09-03,5591.98
Лискимонтажконструкция,Металлоконструкции,2025-09-03,55166.52
Лискимонтажконструкция,Рессоры,2025-09-03,18913.54
Лискимонтажконструкция,Стальные изделия,2025-09-03,134.96
Завод корпусов,Стальные изделия,2025-09-03,139.21
Завод корпусов,Металлоконструкции,2025-09-03,69465.07
Завод корпусов,Корпуса,2025-09-03,5025.87
Завод chelyabinskiy-zavod-litoy-ostat,Металлопродукция,2025-09-03,106.52
Завод kamensk-uralskiy-zavod-po-obrabotke-tsvetnyh-metallov,Металлопродукция,2025-09-03,141.56
Завод kirovskiy-zavod-po-obrabotke-tsvetnyh-metallov,Металлопродукция,2025-09-03,126.88
Завод krasnoyarskiy-zavod-tsvetnyh-metallov,Металлопродукция,2025-09-03,112.4
Завод litsey-tsvetnyh-metallov,Металлопродукция,2025-09-03,128.32
Завод balashikhinskiy-metalloobrabatyvayuschiy-zavod,Металлопродукция,2025-09-03,137.48
Завод vladimirskiy-zavod-metalloizdeliy,Металлопродукция,2025-09-03,111.27
Завод voronezhskiy-metalloobrabatyvayuschiy-zavod,Металлопродукция,2025-09-03,121.14
Завод ekaterinburgskiy-metalloobrabatyvayuschiy-zavod,Металлопродукция,2025-09-03,129.01
Завод izhevskiy-metalloobrabatyvayuschiy-zavod,Металлопродукция,2025-09-03,130.98
Завод kazan-metalloobrabatyvayuschiy-zavod,Металлопродукция,2025-09-03,146.7
"ОАО ""Волгоградский завод тракторных деталей и нормалей""",Болты,2025-09-10,342.91
"ОАО ""Волгоградский завод тракторных деталей и нормалей""",Метизы,2025-09-10,100.8
"ОАО ""Волгоградский завод тракторных деталей и нормалей""",Детали тракторные,2025-09-10,2853.43
"ОАО ""Белебеевский завод ""Автонормаль""",Болты,2025-09-10,272.87
"ОАО ""Белебеевский завод ""Автонормаль""",Пружины,2025-09-10,84.85
"ОАО ""Белебеевский завод ""Автонормаль""",Прессовые изделия,2025-09-10,129.85
"ОАО ""Челябинский кузнечно-прессовый завод""",Рессоры,2025-09-10,18199.69
"ОАО ""Челябинский кузнечно-прессовый завод""",Стальные изделия,2025-09-10,132.52
"ОАО ""Челябинский кузнечно-прессовый завод""",Детали тракторные,2025-09-10,2331.74
"ЗАО ""Белорецкий завод рессор и пружин""",Рессоры,2025-09-10,17719.85
"ЗАО ""Белорецкий завод рессор и пружин""",Детали тракторные,2025-09-10,2477.36
"ЗАО ""Белорецкий завод рессор и пружин""",Пружины,2025-09-10,75.43
66 Металлообрабатывающий завод,Провода,2025-09-10,126.66
66 Металлообрабатывающий завод,Металлоконструкции,2025-09-10,64065.49
Лепсе,Арматура,2025-09-10,124.15
Лепсе,Сетки металлические,2025-09-10,138.8
Завод Сельмаш,Корпуса,2025-09-10,5982.87
Лискимонтажконструкция,Металлоконструкции,2025-09-10,58750.37
Лискимонтажконструкция,Рессоры,2025-09-10,18768.93
Лискимонтажконструкция,Стальные изделия,2025-09-10,132.31
Завод корпусов,Стальные изделия,2025-09-10,143.38
Завод корпусов,Металлоконструкции,2025-09-10,75133.03
Завод корпусов,Корпуса,2025-09-10,5032.97
Завод chelyabinskiy-zavod-litoy-ostat,Металлопродукция,2025-09-10,114.35
Завод kamensk-uralskiy-zavod-po-obrabotke-tsvetnyh-metallov,Металлопродукция,2025-09-10,143.59
Завод kirovskiy-zavod-po-obrabotke-tsvetnyh-metallov,Металлопродукция,2025-09-10,123.39
Завод krasnoyarskiy-zavod-tsvetnyh-metallov,Металлопродукция,2025-09-10,108.49
Завод litsey-tsvetnyh-metallov,Металлопродукция,2025-09-10,124.2
Завод balashikhinskiy-metalloobrabatyvayuschiy-zavod,Металлопродукция,2025-09-10,127.63
Завод vladimirskiy-zavod-metalloizdeliy,Металлопродукция,2025-09-10,110.36
Завод voronezhskiy-metalloobrabatyvayuschiy-zavod,Металлопродукция,2025-09-10,116.81
Завод ekaterinburgskiy-metalloobrabatyvayuschiy-zavod,Металлопродукция,2025-09-10,135.51
Завод izhevskiy-metalloobrabatyvayuschiy-zavod,Металлопродукция,2025-09-10,133.81
Завод kazan-metalloobrabatyvayuschiy-zavod,Металлопродукция,2025-09-10,134.59
"ОАО ""Волгоградский завод тракторных деталей и нормалей""",Болты,2025-09-17,327.39
"ОАО ""Волгоградский завод тракторных деталей и нормалей""",Метизы,2025-09-17,99.04
"ОАО ""Волгоградский завод тракторных деталей и нормалей""",Детали тракторные,2025-09-17,3028.15
"ОАО ""Белебеевский завод ""Автонормаль""",Болты,2025-09-17,276.93
"ОАО ""Белебеевский завод ""Автонормаль""",Пружины,2025-09-17,82.22
"ОАО ""Белебеевский завод ""Автонормаль""",Прессовые изделия,2025-09-17,125.86
"ОАО ""Челябинский кузнечно-прессовый завод""",Рессоры,2025-09-17,17894.29
"ОАО ""Челябинский кузнечно-прессовый завод""",Стальные изделия,2025-09-17,133.0
"ОАО ""Челябинский кузнечно-прессовый завод""",Детали тракторные,2025-09-17,2278.63
"ЗАО ""Белорецкий завод рессор и пружин""",Рессоры,2025-09-17,17782.54
"ЗАО ""Белорецкий завод рессор и пружин""",Детали тракторные,2025-09-17,2567.89
"ЗАО ""Белорецкий завод рессор и пружин""",Пружины,2025-09-17,75.63
66 Металлообрабатывающий завод,Провода,2025-09-17,123.0
66 Металлообрабатывающий завод,Металлоконструкции,2025-09-17,65328.24
Лепсе,Арматура,2025-09-17,123.23
Лепсе,Сетки металлические,2025-09-17,136.72
Завод Сельмаш,Корпуса,2025-09-17,5766.53
Лискимонтажконструкция,Металлоконструкции,2025-09-17,55341.65
Лискимонтажконструкция,Рессоры,2025-09-17,19231.62
Лискимонтажконструкция,Стальные изделия,2025-09-17,137.96
Завод корпусов,Стальные изделия,2025-09-17,137.08
Завод корпусов,Металлоконструкции,2025-09-17,74569.2
Завод корпусов,Корпуса,2025-09-17,5398.46
Завод chelyabinskiy-zavod-litoy-ostat,Металлопродукция,2025-09-17,107.15
Завод kamensk-uralskiy-zavod-po-obrabotke-tsvetnyh-metallov,Металлопродукция,2025-09-17,138.91
Завод kirovskiy-zavod-po-obrabotke-tsvetnyh-metallov,Металлопродукция,2025-09-17,129.63
Завод krasnoyarskiy-zavod-tsvetnyh-metallov,Металлопродукция,2025-09-17,110.7
Завод litsey-tsvetnyh-metallov,Металлопродукция,2025-09-17,129.88
Завод balashikhinskiy-metalloobrabatyvayuschiy-zavod,Металлопродукция,2025-09-17,135.78
Завод vladimirskiy-zavod-metalloizdeliy,Металлопродукция,2025-09-17,114.34
Завод voronezhskiy-metalloobrabatyvayuschiy-zavod,Металлопродукция,2025-09-17,122.97
Завод ekaterinburgskiy-metalloobrabatyvayuschiy-zavod,Металлопродукция,2025-09-17,130.01
Завод izhevskiy-metalloobrabatyvayuschiy-zavod,Металлопродукция,2025-09-17,132.63
Завод kazan-metalloobrabatyvayuschiy-zavod,Металлопродукция,2025-09-17,138.39
"ОАО ""Волгоградский завод тракторных деталей и нормалей""",Болты,2025-09-26,317.58
"ОАО ""Волгоградский завод тракторных деталей и нормалей""",Метизы,2025-09-26,100.37
"ОАО ""Волгоградский завод тракторных деталей и нормалей""",Детали тракторные,2025-09-26,2456.14
"ОАО ""Белебеевский завод ""Автонормаль""",Болты,2025-09-26,336.91
"ОАО ""Белебеевский завод ""Автонормаль""",Пружины,2025-09-26,66.99
"ОАО ""Белебеевский завод ""Автонормаль""",Прессовые изделия,2025-09-26,120.1
"ОАО ""Челябинский кузнечно-прессовый завод""",Рессоры,2025-09-26,20052.43
"ОАО ""Челябинский кузнечно-прессовый завод""",Стальные изделия,2025-09-26,133.13
"ОАО ""Челябинский кузнечно-прессовый завод""",Детали тракторные,2025-09-26,2775.32
"ЗАО ""Белорецкий завод рессор и пружин""",Рессоры,2025-09-26,22618.04
"ЗАО ""Белорецкий завод рессор и пружин""",Детали тракторные,2025-09-26,2622.89
"ЗАО ""Белорецкий завод рессор и пружин""",Пружины,2025-09-26,70.24
66 Металлообрабатывающий завод,Провода,2025-09-26,117.58
66 Металлообрабатывающий завод,Металлоконструкции,2025-09-26,62107.19
Лепсе,Арматура,2025-09-26,148.85
Лепсе,Сетки металлические,2025-09-26,137.95
Завод Сельмаш,Корпуса,2025-09-26,4984.65
Лискимонтажконструкция,Металлоконструкции,2025-09-26,74213.35
Лискимонтажконструкция,Рессоры,2025-09-26,16383.75
Лискимонтажконструкция,Стальные изделия,2025-09-26,126.72
Завод корпусов,Стальные изделия,2025-09-26,117.28
Завод корпусов,Металлоконструкции,2025-09-26,64535.1
Завод корпусов,Корпуса,2025-09-26,5921.86
Завод chelyabinskiy-zavod-litoy-ostat,Металлопродукция,2025-09-26,136.14
Завод kamensk-uralskiy-zavod-po-obrabotke-tsvetnyh-metallov,Металлопродукция,2025-09-26,138.39
Завод kirovskiy-zavod-po-obrabotke-tsvetnyh-metallov,Металлопродукция,2025-09-26,110.53
Завод krasnoyarskiy-zavod-tsvetnyh-metallov,Металлопродукция,2025-09-26,129.32
Завод litsey-tsvetnyh-metallov,Металлопродукция,2025-09-26,146.18
Завод balashikhinskiy-metalloobrabatyvayuschiy-zavod,Металлопродукция,2025-09-26,115.25
Завод vladimirskiy-zavod-metalloizdeliy,Металлопродукция,2025-09-26,120.29
Завод voronezhskiy-metalloobrabatyvayuschiy-zavod,Металлопродукция,2025-09-26,148.57
Завод ekaterinburgskiy-metalloobrabatyvayuschiy-zavod,Металлопродукция,2025-09-26,144.54
Завод izhevskiy-metalloobrabatyvayuschiy-zavod,Металлопродукция,2025-09-26,137.16
Завод kazan-metalloobrabatyvayuschiy-zavod,Металлопродукция,2025-09-26,119.93
"ОАО ""Волгоградский завод тракторных деталей и нормалей""",Болты,2025-10-03,304.75
"ОАО ""Волгоградский завод тракторных деталей и нормалей""",Метизы,2025-10-03,106.96
"ОАО ""Волгоградский завод тракторных деталей и нормалей""",Детали тракторные,2025-10-03,2316.22
"ОАО ""Белебеевский завод ""Автонормаль""",Болты,2025-10-03,328.06
"ОАО ""Белебеевский завод ""Автонормаль""",Пружины,2025-10-03,66.93
"ОАО ""Белебеевский завод ""Автонормаль""",Прессовые изделия,2025-10-03,113.64
"ОАО ""Челябинский кузнечно-прессовый завод""",Рессоры,2025-10-03,20670.32
"ОАО ""Челябинский кузнечно-прессовый завод""",Стальные изделия,2025-10-03,134.34
"ОАО ""Челябинский кузнечно-прессовый завод""",Детали тракторные,2025-10-03,2941.22
"ЗАО ""Белорецкий завод рессор и пружин""",Рессоры,2025-10-03,21383.36
"ЗАО ""Белорецкий завод рессор и пружин""",Детали тракторные,2025-10-03,2652.4
"ЗАО ""Белорецкий завод рессор и пружин""",Пружины,2025-10-03,67.96
66 Металлообрабатывающий завод,Провода,2025-10-03,122.84
66 Металлообрабатывающий завод,Металлоконструкции,2025-10-03,62903.91
Лепсе,Арматура,2025-10-03,143.19
Лепсе,Сетки металлические,2025-10-03,139.96
Завод Сельмаш,Корпуса,2025-10-03,5129.31
Лискимонтажконструкция,Металлоконструкции,2025-10-03,68762.24
Лискимонтажконструкция,Рессоры,2025-10-03,17287.6
Лискимонтажконструкция,Стальные изделия,2025-10-03,125.3
Завод корпусов,Стальные изделия,2025-10-03,116.0
Завод корпусов,Металлоконструкции,2025-10-03,60935.43
Завод корпусов,Корпуса,2025-10-03,6015.51
Завод chelyabinskiy-zavod-litoy-ostat,Металлопродукция,2025-10-03,137.32
Завод kamensk-uralskiy-zavod-po-obrabotke-tsvetnyh-metallov,Металлопродукция,2025-10-03,137.98
Завод kirovskiy-zavod-po-obrabotke-tsvetnyh-metallov,Металлопродукция,2025-10-03,113.82
Завод krasnoyarskiy-zavod-tsvetnyh-metallov,Металлопродукция,2025-10-03,118.74
Завод litsey-tsvetnyh-metallov,Металлопродукция,2025-10-03,143.21
Завод balashikhinskiy-metalloobrabatyvayuschiy-zavod,Металлопродукция,2025-10-03,123.23
Завод vladimirskiy-zavod-metalloizdeliy,Металлопродукция,2025-10-03,120.68
Завод voronezhskiy-metalloobrabatyvayuschiy-zavod,Металлопродукция,2025-10-03,148.09
Завод ekaterinburgskiy-metalloobrabatyvayuschiy-zavod,Металлопродукция,2025-10-03,140.86
Завод izhevskiy-metalloobrabatyvayuschiy-zavod,Металлопродукция,2025-10-03,143.94
Завод kazan-metalloobrabatyvayuschiy-zavod,Металлопродукция,2025-10-03,123.21
"ОАО ""Волгоградский завод тракторных деталей и нормалей""",Болты,2025-10-10,309.24
"ОАО ""Волгоградский завод тракторных деталей и нормалей""",Метизы,2025-10-10,103.43
"ОАО ""Волгоградский завод тракторных деталей и нормалей""",Детали тракторные,2025-10-10,2458.39
"ОАО ""Белебеевский завод ""Автонормаль""",Болты,2025-10-10,333.47
"ОАО ""Белебеевский завод ""Автонормаль""",Пружины,2025-10-10,67.62
"ОАО ""Белебеевский завод ""Автонормаль""",Прессовые изделия,2025-10-10,114.33
"ОАО ""Челябинский кузнечно-прессовый завод""",Рессоры,2025-10-10,19872.75
"ОАО ""Челябинский кузнечно-прессовый завод""",Стальные изделия,2025-10-10,140.82
"ОАО ""Челябинский кузнечно-прессовый завод""",Детали тракторные,2025-10-10,2972.86
"ЗАО ""Белорецкий завод рессор и пружин""",Рессоры,2025-10-10,22894.94
"ЗАО ""Белорецкий завод рессор и пружин""",Детали тракторные,2025-10-10,2671.72
"ЗАО ""Белорецкий завод рессор и пружин""",Пружины,2025-10-10,70.52
66 Металлообрабатывающий завод,Провода,2025-10-10,118.14
66 Металлообрабатывающий завод,Металлоконструкции,2025-10-10,63875.33
Лепсе,Арматура,2025-10-10,135.82
Лепсе,Сетки металлические,2025-10-10,135.1
Завод Сельмаш,Корпуса,2025-10-10,5027.8
Лискимонтажконструкция,Металлоконструкции,2025-10-10,70221.88
Лискимонтажконструкция,Рессоры,2025-10-10,16283.85
Лискимонтажконструкция,Стальные изделия,2025-10-10,135.07
Завод корпусов,Стальные изделия,2025-10-10,120.44
Завод корпусов,Металлоконструкции,2025-10-10,60068.6
Завод корпусов,Корпуса,2025-10-10,5768.95
Завод chelyabinskiy-zavod-litoy-ostat,Металлопродукция,2025-10-10,145.69
Завод kamensk-uralskiy-zavod-po-obrabotke-tsvetnyh-metallov,Металлопродукция,2025-10-10,145.12
Завод kirovskiy-zavod-po-obrabotke-tsvetnyh-metallov,Металлопродукция,2025-10-10,113.98
Завод krasnoyarskiy-zavod-tsvetnyh-metallov,Металлопродукция,2025-10-10,126.63
Завод litsey-tsvetnyh-metallov,Металлопродукция,2025-10-10,143.65
Завод balashikhinskiy-metalloobrabatyvayuschiy-zavod,Металлопродукция,2025-10-10,114.09
Завод vladimirskiy-zavod-metalloizdeliy,Металлопродукция,2025-10-10,119.53
Завод voronezhskiy-metalloobrabatyvayuschiy-zavod,Металлопродукция,2025-10-10,143.64
Завод ekaterinburgskiy-metalloobrabatyvayuschiy-zavod,Металлопродукция,2025-10-10,150.71
Завод izhevskiy-metalloobrabatyvayuschiy-zavod,Металлопродукция,2025-10-10,138.76
Завод kazan-metalloobrabatyvayuschiy-zavod,Металлопродукция,2025-10-10,124.22
"ОАО ""Волгоградский завод тракторных деталей и нормалей""",Болты,2025-10-17,307.96
"ОАО ""Волгоградский завод тракторных деталей и нормалей""",Метизы,2025-10-17,102.72
"ОАО ""Волгоградский завод тракторных деталей и нормалей""",Детали тракторные,2025-10-17,2379.36
"ОАО ""Белебеевский завод ""Автонормаль""",Болты,2025-10-17,342.63
"ОАО ""Белебеевский завод ""Автонормаль""",Пружины,2025-10-17,67.97
"ОАО ""Белебеевский завод ""Автонормаль""",Прессовые изделия,2025-10-17,120.04
"ОАО ""Челябинский кузнечно-прессовый завод""",Рессоры,2025-10-17,19513.53
"ОАО ""Челябинский кузнечно-прессовый завод""",Стальные изделия,2025-10-17,135.66
"ОАО ""Челябинский кузнечно-прессовый завод""",Детали тракторные,2025-10-17,2817.46
"ЗАО ""Белорецкий завод рессор и пружин""",Рессоры,2025-10-17,21391.86
"ЗАО ""Белорецкий завод рессор и пружин""",Детали тракторные,2025-10-17,2594.66
"ЗАО ""Белорецкий завод рессор и пружин""",Пружины,2025-10-17,71.46
66 Металлообрабатывающий завод,Провода,2025-10-17,123.63
66 Металлообрабатывающий завод,Металлоконструкции,2025-10-17,64105.66
Лепсе,Арматура,2025-10-17,147.21
Лепсе,Сетки металлические,2025-10-17,136.53
Завод Сельмаш,Корпуса,2025-10-17,4866.16
Лискимонтажконструкция,Металлоконструкции,2025-10-17,74175.65
Лискимонтажконструкция,Рессоры,2025-10-17,17078.86
Лискимонтажконструкция,Стальные изделия,2025-10-17,131.45
Завод корпусов,Стальные изделия,2025-10-17,110.98
Завод корпусов,Металлоконструкции,2025-10-17,59516.9
Завод корпусов,Корпуса,2025-10-17,5976.53
Завод chelyabinskiy-zavod-litoy-ostat,Металлопродукция,2025-10-17,137.06
Завод kamensk-uralskiy-zavod-po-obrabotke-tsvetnyh-metallov,Металлопродукция,2025-10-17,145.91
Завод kirovskiy-zavod-po-obrabotke-tsvetnyh-metallov,Металлопродукция,2025-10-17,112.48
Завод krasnoyarskiy-zavod-tsvetnyh-metallov,Металлопродукция,2025-10-17,121.23
Завод litsey-tsvetnyh-metallov,Металлопродукция,2025-10-17,147.07
Завод balashikhinskiy-metalloobrabatyvayuschiy-zavod,Металлопродукция,2025-10-17,118.85
Завод vladimirskiy-zavod-metalloizdeliy,Металлопродукция,2025-10-17,111.37
Завод voronezhskiy-metalloobrabatyvayuschiy-zavod,Металлопродукция,2025-10-17,153.9
Завод ekaterinburgskiy-metalloobrabatyvayuschiy-zavod,Металлопродукция,2025-10-17,148.97
Завод izhevskiy-metalloobrabatyvayuschiy-zavod,Металлопродукция,2025-10-17,138.15
Завод kazan-metalloobrabatyvayuschiy-zavod,Металлопродукция,2025-10-17,118.57
"ОАО ""Волгоградский завод тракторных деталей и нормалей""",Болты,2025-10-26,326.89
"ОАО ""Волгоградский завод тракторных деталей и нормалей""",Метизы,2025-10-26,90.93
"ОАО ""Волгоградский завод тракторных деталей и нормалей""",Детали тракторные,2025-10-26,2992.15
"ОАО ""Белебеевский завод ""Автонормаль""",Болты,2025-10-26,296.02
"ОАО ""Белебеевский завод ""Автонормаль""",Пружины,2025-10-26,84.65
"ОАО ""Белебеевский завод ""Автонормаль""",Прессовые изделия,2025-10-26,127.42
"ОАО ""Челябинский кузнечно-прессовый завод""",Рессоры,2025-10-26,19198.18
"ОАО ""Челябинский кузнечно-прессовый завод""",Стальные изделия,2025-10-26,133.81
"ОАО ""Челябинский кузнечно-прессовый завод""",Детали тракторные,2025-10-26,2256.69
"ЗАО ""Белорецкий завод рессор и пружин""",Рессоры,2025-10-26,16379.04
"ЗАО ""Белорецкий завод рессор и пружин""",Детали тракторные,2025-10-26,2662.04
"ЗАО ""Белорецкий завод рессор и пружин""",Пружины,2025-10-26,93.21
66 Металлообрабатывающий завод,Провода,2025-10-26,111.77
66 Металлообрабатывающий завод,Металлоконструкции,2025-10-26,70111.76
Лепсе,Арматура,2025-10-26,119.78
Лепсе,Сетки металлические,2025-10-26,130.08
Завод Сельмаш,Корпуса,2025-10-26,5071.76
Лискимонтажконструкция,Металлоконструкции,2025-10-26,72713.65
Лискимонтажконструкция,Рессоры,2025-10-26,20968.23
Лискимонтажконструкция,Стальные изделия,2025-10-26,119.74
Завод корпусов,Стальные изделия,2025-10-26,134.22
Завод корпусов,Металлоконструкции,2025-10-26,60242.49
Завод корпусов,Корпуса,2025-10-26,6169.31
Завод chelyabinskiy-zavod-litoy-ostat,Металлопродукция,2025-10-26,113.21
Завод kamensk-uralskiy-zavod-po-obrabotke-tsvetnyh-metallov,Металлопродукция,2025-10-26,130.29
Завод kirovskiy-zavod-po-obrabotke-tsvetnyh-metallov,Металлопродукция,2025-10-26,141.56
Завод krasnoyarskiy-zavod-tsvetnyh-metallov,Металлопродукция,2025-10-26,118.09
Завод litsey-tsvetnyh-metallov,Металлопродукция,2025-10-26,132.21
Завод balashikhinskiy-metalloobrabatyvayuschiy-zavod,Металлопродукция,2025-10-26,140.52
Завод vladimirskiy-zavod-metalloizdeliy,Металлопродукция,2025-10-26,132.86
Завод voronezhskiy-metalloobrabatyvayuschiy-zavod,Металлопродукция,2025-10-26,122.6
Завод ekaterinburgskiy-metalloobrabatyvayuschiy-zavod,Металлопродукция,2025-10-26,114.28
Завод izhevskiy-metalloobrabatyvayuschiy-zavod,Металлопродукция,2025-10-26,147.12
Завод kazan-metalloobrabatyvayuschiy-zavod,Металлопродукция,2025-10-26,115.78
"ОАО ""Волгоградский завод тракторных деталей и нормалей""",Болты,2025-11-02,326.24
"ОАО ""Волгоградский завод тракторных деталей и нормалей""",Метизы,2025-11-02,91.43
"ОАО ""Волгоградский завод тракторных деталей и нормалей""",Детали тракторные,2025-11-02,3235.73
"ОАО ""Белебеевский завод ""Автонормаль""",Болты,2025-11-02,308.99
"ОАО ""Белебеевский завод ""Автонормаль""",Пружины,2025-11-02,82.73
"ОАО ""Белебеевский завод ""Автонормаль""",Прессовые изделия,2025-11-02,124.62
"ОАО ""Челябинский кузнечно-прессовый завод""",Рессоры,2025-11-02,19587.89
"ОАО ""Челябинский кузнечно-прессовый завод""",Стальные изделия,2025-11-02,130.86
"ОАО ""Челябинский кузнечно-прессовый завод""",Детали тракторные,2025-11-02,2368.64
"ЗАО ""Белорецкий завод рессор и пружин""",Рессоры,2025-11-02,16295.8
"ЗАО ""Белорецкий завод рессор и пружин""",Детали тракторные,2025-11-02,2660.18
"ЗАО ""Белорецкий завод рессор и пружин""",Пружины,2025-11-02,95.92
66 Металлообрабатывающий завод,Провода,2025-11-02,109.95
66 Металлообрабатывающий завод,Металлоконструкции,2025-11-02,75390.61
Лепсе,Арматура,2025-11-02,126.28
Лепсе,Сетки металлические,2025-11-02,127.14
Завод Сельмаш,Корпуса,2025-11-02,4869.85
Лискимонтажконструкция,Металлоконструкции,2025-11-02,75593.89
Лискимонтажконструкция,Рессоры,2025-11-02,21323.69
Лискимонтажконструкция,Стальные изделия,2025-11-02,123.56
Завод корпусов,Стальные изделия,2025-11-02,133.61
Завод корпусов,Металлоконструкции,2025-11-02,58700.99
Завод корпусов,Корпуса,2025-11-02,6272.11
Завод chelyabinskiy-zavod-litoy-ostat,Металлопродукция,2025-11-02,116.86
Завод kamensk-uralskiy-zavod-po-obrabotke-tsvetnyh-metallov,Металлопродукция,2025-11-02,126.47
Завод kirovskiy-zavod-po-obrabotke-tsvetnyh-metallov,Металлопродукция,2025-11-02,141.54
Завод krasnoyarskiy-zavod-tsvetnyh-metallov,Металлопродукция,2025-11-02,128.32
Завод litsey-tsvetnyh-metallov,Металлопродукция,2025-11-02,130.86
Завод balashikhinskiy-metalloobrabatyvayuschiy-zavod,Металлопродукция,2025-11-02,139.24
Завод vladimirskiy-zavod-metalloizdeliy,Металлопродукция,2025-11-02,136.45
Завод voronezhskiy-metalloobrabatyvayuschiy-zavod,Металлопродукция,2025-11-02,113.51
Завод ekaterinburgskiy-metalloobrabatyvayuschiy-zavod,Металлопродукция,2025-11-02,112.45
Завод izhevskiy-metalloobrabatyvayuschiy-zavod,Металлопродукция,2025-11-02,138.57
Завод kazan-metalloobrabatyvayuschiy-zavod,Металлопродукция,2025-11-02,110.51
"ОАО ""Волгоградский завод тракторных деталей и нормалей""",Болты,2025-11-09,323.77
"ОАО ""Волгоградский завод тракторных деталей и нормалей""",Метизы,2025-11-09,87.84
"ОАО ""Волгоградский завод тракторных деталей и нормалей""",Детали тракторные,2025-11-09,3132.97
"ОАО ""Белебеевский завод ""Автонормаль""",Болты,2025-11-09,281.55
"ОАО ""Белебеевский завод ""Автонормаль""",Пружины,2025-11-09,84.07
"ОАО ""Белебеевский завод ""Автонормаль""",Прессовые изделия,2025-11-09,130.52
"ОАО ""Челябинский кузнечно-прессовый завод""",Рессоры,2025-11-09,19908.53
"ОАО ""Челябинский кузнечно-прессовый завод""",Стальные изделия,2025-11-09,126.77
"ОАО ""Челябинский кузнечно-прессовый завод""",Детали тракторные,2025-11-09,2271.4
"ЗАО ""Белорецкий завод рессор и пружин""",Рессоры,2025-11-09,16542.81
"ЗАО ""Белорецкий завод рессор и пружин""",Детали тракторные,2025-11-09,2721.57
"ЗАО ""Белорецкий завод рессор и пружин""",Пружины,2025-11-09,97.21
66 Металлообрабатывающий завод,Провода,2025-11-09,115.12
66 Металлообрабатывающий завод,Металлоконструкции,2025-11-09,69999.87
Лепсе,Арматура,2025-11-09,122.4
Лепсе,Сетки металлические,2025-11-09,130.61
Завод Сельмаш,Корпуса,2025-11-09,4900.83
Лискимонтажконструкция,Металлоконструкции,2025-11-09,72773.54
Лискимонтажконструкция,Рессоры,2025-11-09,22328.94
Лискимонтажконструкция,Стальные изделия,2025-11-09,120.55
Завод корпусов,Стальные изделия,2025-11-09,127.73
Завод корпусов,Металлоконструкции,2025-11-09,57751.26
Завод корпусов,Корпуса,2025-11-09,6236.83
Завод chelyabinskiy-zavod-litoy-ostat,Металлопродукция,2025-11-09,116.06
Завод kamensk-uralskiy-zavod-po-obrabotke-tsvetnyh-metallov,Металлопродукция,2025-11-09,124.92
Завод kirovskiy-zavod-po-obrabotke-tsvetnyh-metallov,Металлопродукция,2025-11-09,147.26
Завод krasnoyarskiy-zavod-tsvetnyh-metallov,Металлопродукция,2025-11-09,122.95
Завод litsey-tsvetnyh-metallov,Металлопродукция,2025-11-09,132.65
Завод balashikhinskiy-metalloobrabatyvayuschiy-zavod,Металлопродукция,2025-11-09,153.68
Завод vladimirskiy-zavod-metalloizdeliy,Металлопродукция,2025-11-09,135.79
Завод voronezhskiy-metalloobrabatyvayuschiy-zavod,Металлопродукция,2025-11-09,124.17
Завод ekaterinburgskiy-metalloobrabatyvayuschiy-zavod,Металлопродукция,2025-11-09,115.86
Завод izhevskiy-metalloobrabatyvayuschiy-zavod,Металлопродукция,2025-11-09,140.79
Завод kazan-metalloobrabatyvayuschiy-zavod,Металлопродукция,2025-11-09,110.66
"ОАО ""Волгоградский завод тракторных деталей и нормалей""",Болты,2025-11-16,341.05
"ОАО ""Волгоградский завод тракторных деталей и нормалей""",Метизы,2025-11-16,84.56
"ОАО ""Волгоградский завод тракторных деталей и нормалей""",Детали тракторные,2025-11-16,3009.9
"ОАО ""Белебеевский завод ""Автонормаль""",Болты,2025-11-16,295.07
"ОАО ""Белебеевский завод ""Автонормаль""",Пружины,2025-11-16,85.48
"ОАО ""Белебеевский завод ""Автонормаль""",Прессовые изделия,2025-11-16,123.81
"ОАО ""Челябинский кузнечно-прессовый завод""",Рессоры,2025-11-16,19550.52
"ОАО ""Челябинский кузнечно-прессовый завод""",Стальные изделия,2025-11-16,134.46
"ОАО ""Челябинский кузнечно-прессовый завод""",Детали тракторные,2025-11-16,2314.21
"ЗАО ""Белорецкий завод рессор и пружин""",Рессоры,2025-11-16,16581.02
"ЗАО ""Белорецкий завод рессор и пружин""",Детали тракторные,2025-11-16,2727.25
"ЗАО ""Белорецкий завод рессор и пружин""",Пружины,2025-11-16,96.14
66 Металлообрабатывающий завод,Провода,2025-11-16,111.88
66 Металлообрабатывающий завод,Металлоконструкции,2025-11-16,70051.36
Лепсе,Арматура,2025-11-16,125.77
Лепсе,Сетки металлические,2025-11-16,129.76
Завод Сельмаш,Корпуса,2025-11-16,4761.9
Лискимонтажконструкция,Металлоконструкции,2025-11-16,78353.76
Лискимонтажконструкция,Рессоры,2025-11-16,21330.53
Лискимонтажконструкция,Стальные изделия,2025-11-16,126.85
Завод корпусов,Стальные изделия,2025-11-16,129.85
Завод корпусов,Металлоконструкции,2025-11-16,60544.16
Завод корпусов,Корпуса,2025-11-16,6274.58
Завод chelyabinskiy-zavod-litoy-ostat,Металлопродукция,2025-11-16,120.99
Завод kamensk-uralskiy-zavod-po-obrabotke-tsvetnyh-metallov,Металлопродукция,2025-11-16,126.83
Завод kirovskiy-zavod-po-obrabotke-tsvetnyh-metallov,Металлопродукция,2025-11-16,143.5
Завод krasnoyarskiy-zavod-tsvetnyh-metallov,Металлопродукция,2025-11-16,117.64
Завод litsey-tsvetnyh-metallov,Металлопродукция,2025-11-16,131.24
Завод balashikhinskiy-metalloobrabatyvayuschiy-zavod,Металлопродукция,2025-11-16,150.5
Завод vladimirskiy-zavod-metalloizdeliy,Металлопродукция,2025-11-16,140.11
Завод voronezhskiy-metalloobrabatyvayuschiy-zavod,Металлопродукция,2025-11-16,115.68
Завод ekaterinburgskiy-metalloobrabatyvayuschiy-zavod,Металлопродукция,2025-11-16,110.94
Завод izhevskiy-metalloobrabatyvayuschiy-zavod,Металлопродукция,2025-11-16,144.76
Завод kazan-metalloobrabatyvayuschiy-zavod,Металлопродукция,2025-11-16,112.07
